booking_id,room_id,service_id,booking_date,start_time,end_time,booked_duration_minutes,booking_status,cancellation_flag,no_show_flag,actual_attendance_count,planned_attendance_count,session_type,created_date
BOOK-000001,ROOM-0025,SVC-001,2024-11-08,16:30,17:30,60,completed,false,false,5,6,clinic,2024-10-24
BOOK-000002,ROOM-0019,SVC-002,2024-12-30,10:00,11:00,60,completed,false,false,6,7,clinic,2024-12-14
BOOK-000003,ROOM-0021,SVC-003,2024-11-05,10:00,11:00,60,completed,false,false,6,8,diagnostic,2024-10-19
BOOK-000004,ROOM-0008,SVC-004,2025-10-29,10:00,11:00,60,cancelled,true,false,0,8,therapy,2025-10-11
BOOK-000005,ROOM-0035,SVC-005,2025-11-07,13:30,14:30,60,completed,false,false,10,12,administrative,2025-10-19
BOOK-000006,ROOM-0030,SVC-006,2024-12-23,16:30,17:30,60,completed,false,false,11,11,clinic,2024-12-03
BOOK-000007,ROOM-0007,SVC-007,2024-07-18,10:00,11:00,60,cancelled,true,false,0,11,clinic,2024-06-27
BOOK-000008,ROOM-0016,SVC-008,2024-08-13,13:30,14:30,60,completed,false,false,10,12,administrative,2024-07-22
BOOK-000009,ROOM-0041,SVC-009,2024-11-26,10:00,11:00,60,completed,false,false,14,15,administrative,2024-11-03
BOOK-000010,ROOM-0021,SVC-010,2026-01-09,15:00,16:00,60,completed,false,false,6,6,diagnostic,2025-12-16
BOOK-000011,ROOM-0050,SVC-011,2024-05-28,13:30,14:30,60,completed,false,false,6,6,therapy,2024-05-03
BOOK-000012,ROOM-0028,SVC-012,2025-11-13,15:00,16:00,60,cancelled,true,false,0,8,administrative,2025-10-18
BOOK-000013,ROOM-0001,SVC-001,2024-05-08,16:30,17:30,60,completed,false,false,6,8,clinic,2024-04-11
BOOK-000014,ROOM-0001,SVC-002,2025-04-25,16:30,17:30,60,completed,false,false,7,9,clinic,2025-03-28
BOOK-000015,ROOM-0003,SVC-003,2024-06-18,11:30,12:30,60,completed,false,false,10,10,diagnostic,2024-05-20
BOOK-000016,ROOM-0020,SVC-004,2025-09-19,08:30,09:30,60,cancelled,true,false,0,11,therapy,2025-08-20
BOOK-000017,ROOM-0053,SVC-005,2025-03-10,10:00,11:00,60,completed,false,false,10,12,administrative,2025-02-07
BOOK-000018,ROOM-0018,SVC-006,2024-06-07,16:30,17:30,60,completed,false,false,3,5,clinic,2024-05-06
BOOK-000019,ROOM-0025,SVC-007,2026-02-12,11:30,12:30,60,completed,false,false,6,6,clinic,2026-01-10
BOOK-000020,ROOM-0040,SVC-008,2025-07-09,11:30,12:30,60,completed,false,false,6,6,administrative,2025-06-05
BOOK-000021,ROOM-0029,SVC-009,2025-09-19,16:30,17:30,60,completed,false,true,0,15,administrative,2025-08-15
BOOK-000022,ROOM-0015,SVC-010,2025-02-04,16:30,17:30,60,completed,false,false,9,9,diagnostic,2024-12-30
BOOK-000023,ROOM-0026,SVC-011,2025-09-09,10:00,11:00,60,completed,false,false,9,9,therapy,2025-08-03
BOOK-000024,ROOM-0004,SVC-012,2024-08-13,10:00,11:00,60,cancelled,true,false,0,10,administrative,2024-07-06
BOOK-000025,ROOM-0049,SVC-001,2024-11-19,16:30,17:30,60,cancelled,true,false,16,12,clinic,2024-10-11
BOOK-000026,ROOM-0001,SVC-002,2025-08-19,13:30,14:30,60,completed,false,false,12,12,clinic,2025-07-10
BOOK-000027,ROOM-0009,SVC-003,2026-02-09,15:00,16:00,60,completed,false,false,3,5,diagnostic,2025-12-30
BOOK-000028,ROOM-0020,SVC-004,2026-03-02,08:30,09:30,60,completed,false,false,5,5,therapy,2026-02-16
BOOK-000029,ROOM-0047,SVC-005,2025-08-27,08:30,09:30,60,completed,false,false,11,12,administrative,2025-08-12
BOOK-000030,ROOM-0030,SVC-006,2025-01-10,08:30,09:30,60,cancelled,true,false,0,8,clinic,2024-12-25
BOOK-000031,ROOM-0019,SVC-007,2025-04-16,15:00,16:00,60,completed,false,false,6,8,clinic,2025-03-30
BOOK-000032,ROOM-0022,SVC-008,2025-01-28,11:30,12:30,60,cancelled,true,false,0,10,administrative,2025-01-10
BOOK-000033,ROOM-0047,SVC-009,2026-01-28,13:30,14:30,60,completed,false,false,14,15,administrative,2026-01-09
BOOK-000034,ROOM-0027,SVC-010,2024-11-25,11:30,12:30,60,cancelled,true,false,0,12,diagnostic,2024-11-05
BOOK-000035,ROOM-0038,SVC-011,2026-02-11,08:30,09:30,60,completed,false,true,0,13,therapy,2026-01-21
BOOK-000036,ROOM-0016,SVC-012,2025-03-14,11:30,12:30,60,completed,false,false,4,4,administrative,2025-02-20
BOOK-000037,ROOM-0007,SVC-001,2024-05-29,16:30,17:30,60,completed,false,false,3,5,clinic,2024-05-06
BOOK-000038,ROOM-0049,SVC-002,2025-01-09,11:30,12:30,60,completed,false,false,6,7,clinic,2024-12-16
BOOK-000039,ROOM-0027,SVC-003,2026-03-26,16:30,17:30,60,completed,false,false,7,7,diagnostic,2026-03-01
BOOK-000040,ROOM-0002,SVC-004,2025-10-24,10:00,11:00,60,completed,false,false,6,8,therapy,2025-09-28
BOOK-000041,ROOM-0017,SVC-005,2025-05-07,13:30,14:30,60,completed,false,false,10,12,administrative,2025-04-10
BOOK-000042,ROOM-0030,SVC-006,2024-12-06,16:30,17:30,60,completed,false,false,11,11,clinic,2024-11-08
BOOK-000043,ROOM-0049,SVC-007,2024-04-25,15:00,16:00,60,completed,false,false,11,11,clinic,2024-03-27
BOOK-000044,ROOM-0022,SVC-008,2024-12-30,10:00,11:00,60,completed,false,false,12,13,administrative,2024-11-30
BOOK-000045,ROOM-0005,SVC-009,2025-10-14,08:30,09:30,60,completed,false,false,13,15,administrative,2025-09-13
BOOK-000046,ROOM-0021,SVC-010,2025-05-02,11:30,12:30,60,completed,false,false,5,5,diagnostic,2025-03-31
BOOK-000047,ROOM-0020,SVC-011,2024-04-04,11:30,12:30,60,completed,false,false,5,6,therapy,2024-03-02
BOOK-000048,ROOM-0010,SVC-012,2025-06-03,16:30,17:30,60,completed,false,false,6,7,administrative,2025-04-30
BOOK-000049,ROOM-0025,SVC-001,2025-07-15,10:00,11:00,60,completed,false,false,8,8,clinic,2025-06-10
BOOK-000050,ROOM-0031,SVC-002,2024-04-26,16:30,17:30,60,completed,false,false,7,9,clinic,2024-03-21
BOOK-000051,ROOM-0027,SVC-003,2025-05-26,10:00,11:00,60,completed,false,false,9,10,diagnostic,2025-04-19
BOOK-000052,ROOM-0008,SVC-004,2025-06-30,13:30,14:30,60,completed,false,false,11,11,therapy,2025-05-23
BOOK-000053,ROOM-0023,SVC-005,2024-06-19,15:00,16:00,60,completed,false,false,11,12,administrative,2024-05-11
BOOK-000054,ROOM-0030,SVC-006,2026-03-10,11:30,12:30,60,completed,false,false,4,5,clinic,2026-01-29
BOOK-000055,ROOM-0019,SVC-007,2025-10-31,15:00,16:00,60,completed,false,false,4,5,clinic,2025-09-20
BOOK-000056,ROOM-0022,SVC-008,2026-02-27,13:30,14:30,60,completed,false,false,6,7,administrative,2026-02-13
BOOK-000057,ROOM-0041,SVC-009,2025-10-30,08:30,09:30,60,completed,false,false,13,15,administrative,2025-10-15
BOOK-000058,ROOM-0027,SVC-010,2024-10-21,10:00,11:00,60,completed,false,false,8,8,diagnostic,2024-10-05
BOOK-000059,ROOM-0044,SVC-011,2025-10-27,11:30,12:30,60,completed,false,false,9,9,therapy,2025-10-10
BOOK-000060,ROOM-0040,SVC-012,2025-01-06,08:30,09:30,60,completed,false,false,10,11,administrative,2024-12-19
BOOK-000061,ROOM-0013,SVC-001,2025-03-19,13:30,14:30,60,completed,false,true,0,11,clinic,2025-02-28
BOOK-000062,ROOM-0031,SVC-002,2025-07-21,11:30,12:30,60,completed,false,false,12,12,clinic,2025-07-01
BOOK-000063,ROOM-0045,SVC-003,2025-05-21,10:00,11:00,60,completed,false,false,3,4,diagnostic,2025-04-30
BOOK-000064,ROOM-0002,SVC-004,2024-10-08,10:00,11:00,60,completed,false,false,3,5,therapy,2024-09-16
BOOK-000065,ROOM-0041,SVC-005,2026-02-25,08:30,09:30,60,completed,false,false,12,12,administrative,2026-02-02
BOOK-000066,ROOM-0036,SVC-006,2025-03-27,11:30,12:30,60,completed,false,true,0,7,clinic,2025-03-03
BOOK-000067,ROOM-0037,SVC-007,2024-05-06,16:30,17:30,60,completed,false,false,7,8,clinic,2024-04-11
BOOK-000068,ROOM-0028,SVC-008,2025-05-26,08:30,09:30,60,completed,false,false,7,9,administrative,2025-04-30
BOOK-000069,ROOM-0041,SVC-009,2025-11-14,10:00,11:00,60,completed,false,false,15,15,administrative,2025-10-18
BOOK-000070,ROOM-0003,SVC-010,2024-09-18,08:30,09:30,60,completed,false,false,10,11,diagnostic,2024-08-21
BOOK-000071,ROOM-0020,SVC-011,2024-09-02,10:00,11:00,60,completed,false,false,12,12,therapy,2024-08-04
BOOK-000072,ROOM-0034,SVC-012,2024-08-29,10:00,11:00,60,completed,false,false,3,4,administrative,2024-07-30
BOOK-000073,ROOM-0031,SVC-001,2025-05-08,16:30,17:30,60,completed,false,false,5,5,clinic,2025-04-07
BOOK-000074,ROOM-0025,SVC-002,2024-05-03,08:30,09:30,60,completed,false,false,5,6,clinic,2024-04-01
BOOK-000075,ROOM-0027,SVC-003,2025-11-12,10:00,11:00,60,cancelled,true,false,0,8,diagnostic,2025-10-10
BOOK-000076,ROOM-0056,SVC-004,2026-01-12,15:00,16:00,60,completed,false,false,7,9,therapy,2025-12-09
BOOK-000077,ROOM-0029,SVC-005,2026-03-31,10:00,11:00,60,completed,false,false,11,12,administrative,2026-02-24
BOOK-000078,ROOM-0048,SVC-006,2024-11-20,15:00,16:00,60,completed,false,false,11,11,clinic,2024-10-15
BOOK-000079,ROOM-0049,SVC-007,2024-11-21,16:30,17:30,60,completed,false,false,10,12,clinic,2024-10-15
BOOK-000080,ROOM-0034,SVC-008,2025-01-10,11:30,12:30,60,completed,false,false,13,13,administrative,2024-12-03
BOOK-000081,ROOM-0035,SVC-009,2024-05-22,10:00,11:00,60,completed,false,false,15,15,administrative,2024-04-13
BOOK-000082,ROOM-0039,SVC-010,2025-02-05,16:30,17:30,60,completed,false,false,6,6,diagnostic,2024-12-27
BOOK-000083,ROOM-0002,SVC-011,2024-06-27,15:00,16:00,60,completed,false,false,5,6,therapy,2024-05-17
BOOK-000084,ROOM-0004,SVC-012,2025-06-30,16:30,17:30,60,completed,false,false,6,7,administrative,2025-06-16
BOOK-000085,ROOM-0007,SVC-001,2025-09-24,13:30,14:30,60,completed,false,true,0,8,clinic,2025-09-09
BOOK-000086,ROOM-0025,SVC-002,2025-02-17,13:30,14:30,60,completed,false,false,9,10,clinic,2025-02-01
BOOK-000087,ROOM-0033,SVC-003,2024-11-13,10:00,11:00,60,completed,false,false,11,11,diagnostic,2024-10-27
BOOK-000088,ROOM-0032,SVC-004,2025-05-19,11:30,12:30,60,completed,false,false,10,11,therapy,2025-05-01
BOOK-000089,ROOM-0047,SVC-005,2026-02-26,08:30,09:30,60,completed,false,false,12,13,administrative,2026-02-07
BOOK-000090,ROOM-0018,SVC-006,2024-06-19,16:30,17:30,60,completed,false,false,3,5,clinic,2024-05-30
BOOK-000091,ROOM-0055,SVC-007,2025-12-16,08:30,09:30,60,completed,false,false,6,6,clinic,2025-11-25
BOOK-000092,ROOM-0022,SVC-008,2025-09-05,15:00,16:00,60,completed,false,false,6,6,administrative,2025-08-14
BOOK-000093,ROOM-0005,SVC-009,2024-10-25,08:30,09:30,60,completed,false,false,14,15,administrative,2024-10-02
BOOK-000094,ROOM-0051,SVC-010,2024-09-09,08:30,09:30,60,completed,false,false,6,8,diagnostic,2024-08-16
BOOK-000095,ROOM-0056,SVC-011,2025-06-25,15:00,16:00,60,completed,false,false,7,9,therapy,2025-05-31
BOOK-000096,ROOM-0028,SVC-012,2025-02-14,10:00,11:00,60,completed,false,false,9,11,administrative,2025-01-19
BOOK-000097,ROOM-0025,SVC-001,2024-12-13,08:30,09:30,60,completed,false,false,12,12,clinic,2024-11-16
BOOK-000098,ROOM-0043,SVC-002,2024-11-15,08:30,09:30,60,cancelled,true,false,0,13,clinic,2024-10-18
BOOK-000099,ROOM-0009,SVC-003,2024-09-06,16:30,17:30,60,completed,false,false,2,4,diagnostic,2024-08-08
BOOK-000100,ROOM-0026,SVC-004,2024-10-11,10:00,11:00,60,completed,false,false,5,5,therapy,2024-09-11
BOOK-000101,ROOM-0047,SVC-005,2024-04-04,11:30,12:30,60,completed,false,false,12,12,administrative,2024-03-04
BOOK-000102,ROOM-0036,SVC-006,2025-06-05,16:30,17:30,60,completed,false,false,6,7,clinic,2025-05-04
BOOK-000103,ROOM-0031,SVC-007,2025-03-17,13:30,14:30,60,completed,false,true,0,8,clinic,2025-02-12
BOOK-000104,ROOM-0022,SVC-008,2025-07-09,11:30,12:30,60,completed,false,false,7,9,administrative,2025-06-05
BOOK-000105,ROOM-0029,SVC-009,2025-02-24,15:00,16:00,60,completed,false,false,14,15,administrative,2025-01-20
BOOK-000106,ROOM-0003,SVC-010,2026-01-29,15:00,16:00,60,completed,false,false,10,12,diagnostic,2025-12-24
BOOK-000107,ROOM-0044,SVC-011,2025-05-23,13:30,14:30,60,completed,false,false,11,12,therapy,2025-04-16
BOOK-000108,ROOM-0010,SVC-012,2025-11-03,15:00,16:00,60,completed,false,false,5,5,administrative,2025-09-26
BOOK-000109,ROOM-0001,SVC-001,2026-03-12,13:30,14:30,60,completed,false,false,5,5,clinic,2026-02-01
BOOK-000110,ROOM-0013,SVC-002,2024-06-17,10:00,11:00,60,completed,false,false,4,6,clinic,2024-05-08
BOOK-000111,ROOM-0033,SVC-003,2024-05-13,10:00,11:00,60,completed,false,false,5,7,diagnostic,2024-04-02
BOOK-000112,ROOM-0008,SVC-004,2024-12-20,13:30,14:30,60,completed,false,false,8,9,therapy,2024-12-06
BOOK-000113,ROOM-0017,SVC-005,2024-11-21,13:30,14:30,60,completed,false,false,10,12,administrative,2024-11-06
BOOK-000114,ROOM-0018,SVC-006,2026-02-09,10:00,11:00,60,completed,false,false,11,11,clinic,2026-01-24
BOOK-000115,ROOM-0022,SVC-008,2025-06-03,10:00,11:00,60,completed,false,false,10,12,administrative,2025-05-16
BOOK-000116,ROOM-0023,SVC-009,2025-08-20,15:00,16:00,60,completed,false,false,14,15,administrative,2025-08-01
BOOK-000117,ROOM-0009,SVC-010,2025-10-27,10:00,11:00,60,completed,false,false,4,5,diagnostic,2025-10-07
BOOK-000118,ROOM-0044,SVC-011,2026-03-26,10:00,11:00,60,completed,false,false,5,6,therapy,2026-03-05
BOOK-000119,ROOM-0022,SVC-012,2025-09-30,11:30,12:30,60,completed,false,true,0,7,administrative,2025-09-08
BOOK-000120,ROOM-0037,SVC-001,2025-05-02,16:30,17:30,60,completed,false,false,7,8,clinic,2025-04-09
BOOK-000121,ROOM-0043,SVC-002,2025-05-14,08:30,09:30,60,cancelled,true,false,0,9,clinic,2025-04-20
BOOK-000122,ROOM-0027,SVC-003,2024-10-15,08:30,09:30,60,completed,false,false,8,10,diagnostic,2024-09-20
BOOK-000123,ROOM-0014,SVC-004,2024-07-30,15:00,16:00,60,cancelled,true,false,0,11,therapy,2024-07-04
BOOK-000124,ROOM-0035,SVC-005,2025-04-04,11:30,12:30,60,completed,false,false,10,12,administrative,2025-03-08
BOOK-000125,ROOM-0036,SVC-006,2024-08-16,10:00,11:00,60,completed,false,false,5,5,clinic,2024-07-19
BOOK-000126,ROOM-0031,SVC-007,2025-10-14,15:00,16:00,60,completed,false,false,3,5,clinic,2025-09-15
BOOK-000127,ROOM-0016,SVC-008,2024-05-20,08:30,09:30,60,completed,false,false,4,6,administrative,2024-04-20
BOOK-000128,ROOM-0011,SVC-009,2024-12-18,11:30,12:30,60,completed,false,false,13,15,administrative,2024-11-17
BOOK-000129,ROOM-0045,SVC-010,2025-02-06,16:30,17:30,60,completed,false,false,9,9,diagnostic,2025-01-05
BOOK-000130,ROOM-0044,SVC-011,2026-02-09,08:30,09:30,60,completed,false,false,8,10,therapy,2026-01-07
BOOK-000131,ROOM-0028,SVC-012,2026-02-10,10:00,11:00,60,completed,false,false,10,11,administrative,2026-01-07
BOOK-000132,ROOM-0037,SVC-001,2024-09-23,13:30,14:30,60,completed,false,false,11,11,clinic,2024-08-19
BOOK-000133,ROOM-0049,SVC-002,2024-12-02,10:00,11:00,60,completed,false,false,11,13,clinic,2024-10-27
BOOK-000134,ROOM-0051,SVC-003,2025-11-19,10:00,11:00,60,completed,false,false,3,5,diagnostic,2025-10-13
BOOK-000135,ROOM-0008,SVC-004,2025-04-02,10:00,11:00,60,completed,false,false,4,5,therapy,2025-02-23
BOOK-000136,ROOM-0023,SVC-005,2025-09-01,10:00,11:00,60,completed,false,false,10,12,administrative,2025-07-24
BOOK-000137,ROOM-0006,SVC-006,2024-05-31,15:00,16:00,60,completed,false,false,7,7,clinic,2024-04-21
BOOK-000138,ROOM-0037,SVC-007,2024-08-27,11:30,12:30,60,completed,false,false,8,8,clinic,2024-07-17
BOOK-000139,ROOM-0046,SVC-008,2024-08-22,13:30,14:30,60,completed,false,false,8,9,administrative,2024-08-08
BOOK-000140,ROOM-0041,SVC-009,2024-07-15,13:30,14:30,60,completed,false,false,14,15,administrative,2024-06-30
BOOK-000141,ROOM-0045,SVC-010,2025-09-01,08:30,09:30,60,completed,false,false,11,11,diagnostic,2025-08-16
BOOK-000142,ROOM-0026,SVC-011,2024-12-19,15:00,16:00,60,cancelled,true,false,0,13,therapy,2024-12-02
BOOK-000143,ROOM-0046,SVC-012,2024-10-22,13:30,14:30,60,completed,false,false,2,4,administrative,2024-10-04
BOOK-000144,ROOM-0043,SVC-001,2024-08-02,11:30,12:30,60,completed,false,false,3,5,clinic,2024-07-14
BOOK-000145,ROOM-0055,SVC-002,2026-02-10,13:30,14:30,60,completed,false,false,5,7,clinic,2026-01-21
BOOK-000146,ROOM-0021,SVC-003,2025-02-26,15:00,16:00,60,completed,false,false,6,8,diagnostic,2025-02-05
BOOK-000147,ROOM-0038,SVC-004,2024-09-25,08:30,09:30,60,completed,false,false,7,8,therapy,2024-09-03
BOOK-000148,ROOM-0029,SVC-005,2025-12-19,15:00,16:00,60,completed,false,true,0,12,administrative,2025-11-26
BOOK-000149,ROOM-0042,SVC-006,2025-01-17,08:30,09:30,60,completed,false,false,10,11,clinic,2024-12-24
BOOK-000150,ROOM-0055,SVC-007,2025-04-01,15:00,16:00,60,completed,false,false,11,11,clinic,2025-03-07
BOOK-000151,ROOM-0028,SVC-008,2025-06-05,10:00,11:00,60,cancelled,true,false,0,12,administrative,2025-05-10
BOOK-000152,ROOM-0053,SVC-009,2025-08-07,15:00,16:00,60,cancelled,true,false,0,15,administrative,2025-07-11
BOOK-000153,ROOM-0045,SVC-010,2024-07-18,15:00,16:00,60,completed,false,false,4,5,diagnostic,2024-06-20
BOOK-000154,ROOM-0056,SVC-011,2024-07-17,16:30,17:30,60,completed,false,false,6,6,therapy,2024-06-18
BOOK-000155,ROOM-0010,SVC-012,2025-01-27,08:30,09:30,60,completed,false,false,6,8,administrative,2024-12-28
BOOK-000156,ROOM-0037,SVC-001,2024-08-14,11:30,12:30,60,completed,false,false,8,8,clinic,2024-07-14
BOOK-000157,ROOM-0049,SVC-002,2024-08-02,13:30,14:30,60,completed,false,false,7,9,clinic,2024-07-01
BOOK-000158,ROOM-0009,SVC-003,2024-05-20,10:00,11:00,60,completed,false,false,10,10,diagnostic,2024-04-17
BOOK-000159,ROOM-0056,SVC-004,2024-04-18,10:00,11:00,60,completed,false,false,10,11,therapy,2024-03-15
BOOK-000160,ROOM-0047,SVC-005,2024-06-06,15:00,16:00,60,completed,false,false,12,12,administrative,2024-05-02
BOOK-000161,ROOM-0012,SVC-006,2024-07-01,08:30,09:30,60,completed,false,false,5,5,clinic,2024-05-26
BOOK-000162,ROOM-0007,SVC-007,2025-04-25,15:00,16:00,60,completed,false,true,0,5,clinic,2025-03-19
BOOK-000163,ROOM-0022,SVC-008,2026-02-11,13:30,14:30,60,completed,false,false,6,7,administrative,2026-01-04
BOOK-000164,ROOM-0029,SVC-009,2026-01-29,13:30,14:30,60,completed,false,false,13,15,administrative,2025-12-21
BOOK-000165,ROOM-0015,SVC-010,2024-08-05,16:30,17:30,60,completed,false,false,6,8,diagnostic,2024-06-26
BOOK-000166,ROOM-0032,SVC-011,2024-06-10,15:00,16:00,60,completed,false,false,9,9,therapy,2024-04-30
BOOK-000167,ROOM-0046,SVC-012,2024-09-05,11:30,12:30,60,completed,false,false,8,10,administrative,2024-08-22
BOOK-000168,ROOM-0043,SVC-001,2024-10-22,15:00,16:00,60,completed,false,false,11,11,clinic,2024-10-07
BOOK-000169,ROOM-0037,SVC-002,2025-10-07,16:30,17:30,60,completed,false,false,11,12,clinic,2025-09-21
BOOK-000170,ROOM-0003,SVC-003,2024-12-13,11:30,12:30,60,cancelled,true,false,0,5,diagnostic,2024-11-26
BOOK-000171,ROOM-0020,SVC-004,2025-12-19,13:30,14:30,60,completed,false,true,0,6,therapy,2025-12-01
BOOK-000172,ROOM-0005,SVC-005,2025-02-14,08:30,09:30,60,completed,false,false,10,12,administrative,2025-01-26
BOOK-000173,ROOM-0012,SVC-006,2024-05-27,15:00,16:00,60,completed,false,false,7,7,clinic,2024-05-07
BOOK-000174,ROOM-0031,SVC-007,2025-09-10,13:30,14:30,60,completed,false,false,7,8,clinic,2025-08-20
BOOK-000175,ROOM-0016,SVC-008,2025-01-16,11:30,12:30,60,completed,false,false,9,10,administrative,2024-12-25
BOOK-000176,ROOM-0023,SVC-009,2024-04-11,08:30,09:30,60,completed,false,false,13,15,administrative,2024-03-19
BOOK-000177,ROOM-0039,SVC-010,2024-08-01,16:30,17:30,60,completed,false,false,10,11,diagnostic,2024-07-08
BOOK-000178,ROOM-0050,SVC-011,2025-09-19,10:00,11:00,60,completed,false,false,10,12,therapy,2025-08-25
BOOK-000179,ROOM-0046,SVC-012,2025-04-02,13:30,14:30,60,completed,false,false,3,4,administrative,2025-03-07
BOOK-000180,ROOM-0025,SVC-001,2024-10-14,15:00,16:00,60,completed,false,false,5,5,clinic,2024-09-17
BOOK-000181,ROOM-0019,SVC-002,2025-01-20,11:30,12:30,60,completed,false,false,7,7,clinic,2024-12-23
BOOK-000182,ROOM-0009,SVC-003,2024-07-12,13:30,14:30,60,cancelled,true,false,0,7,diagnostic,2024-06-13
BOOK-000183,ROOM-0056,SVC-004,2025-04-29,10:00,11:00,60,completed,false,false,8,8,therapy,2025-03-30
BOOK-000184,ROOM-0041,SVC-005,2024-04-19,11:30,12:30,60,completed,false,false,10,12,administrative,2024-03-19
BOOK-000185,ROOM-0048,SVC-006,2026-03-02,11:30,12:30,60,cancelled,true,false,0,10,clinic,2026-01-29
BOOK-000186,ROOM-0031,SVC-007,2024-09-02,13:30,14:30,60,completed,false,false,9,11,clinic,2024-07-31
BOOK-000187,ROOM-0010,SVC-008,2024-08-06,13:30,14:30,60,completed,false,false,11,12,administrative,2024-07-03
BOOK-000188,ROOM-0017,SVC-009,2024-05-03,10:00,11:00,60,completed,false,false,15,15,administrative,2024-03-29
BOOK-000189,ROOM-0003,SVC-010,2024-05-03,11:30,12:30,60,cancelled,true,false,0,5,diagnostic,2024-03-28
BOOK-000190,ROOM-0026,SVC-011,2024-08-08,08:30,09:30,60,cancelled,true,false,0,6,therapy,2024-07-02
BOOK-000191,ROOM-0022,SVC-012,2024-04-23,13:30,14:30,60,completed,false,false,7,7,administrative,2024-03-16
BOOK-000192,ROOM-0019,SVC-001,2024-04-25,15:00,16:00,60,completed,false,false,6,8,clinic,2024-03-17
BOOK-000193,ROOM-0037,SVC-002,2025-04-07,16:30,17:30,60,completed,false,false,9,9,clinic,2025-02-26
BOOK-000194,ROOM-0051,SVC-003,2025-05-19,10:00,11:00,60,completed,false,false,10,10,diagnostic,2025-04-08
BOOK-000195,ROOM-0056,SVC-004,2025-11-05,11:30,12:30,60,completed,false,false,11,12,therapy,2025-10-22
BOOK-000196,ROOM-0041,SVC-005,2024-07-18,16:30,17:30,60,completed,false,false,10,12,administrative,2024-07-03
BOOK-000197,ROOM-0054,SVC-006,2024-06-21,16:30,17:30,60,completed,false,false,5,5,clinic,2024-06-05
BOOK-000198,ROOM-0049,SVC-007,2024-05-31,16:30,17:30,60,completed,false,false,4,5,clinic,2024-05-14
BOOK-000199,ROOM-0034,SVC-008,2024-07-25,11:30,12:30,60,cancelled,true,false,0,6,administrative,2024-07-07
BOOK-000200,ROOM-0053,SVC-009,2025-10-29,08:30,09:30,60,completed,false,false,15,15,administrative,2025-10-10
BOOK-000201,ROOM-0015,SVC-010,2024-12-18,13:30,14:30,60,completed,false,false,9,9,diagnostic,2024-11-28
BOOK-000202,ROOM-0032,SVC-011,2025-09-24,10:00,11:00,60,completed,false,false,9,9,therapy,2025-09-03
BOOK-000203,ROOM-0004,SVC-012,2026-02-06,10:00,11:00,60,completed,false,false,10,11,administrative,2026-01-15
BOOK-000204,ROOM-0001,SVC-001,2024-07-11,10:00,11:00,60,completed,false,false,10,11,clinic,2024-06-18
BOOK-000205,ROOM-0037,SVC-002,2024-11-12,08:30,09:30,60,completed,false,false,13,13,clinic,2024-10-19
BOOK-000206,ROOM-0027,SVC-003,2025-06-24,11:30,12:30,60,completed,false,false,2,4,diagnostic,2025-05-30
BOOK-000207,ROOM-0002,SVC-004,2025-03-10,08:30,09:30,60,completed,false,false,4,5,therapy,2025-02-12
BOOK-000208,ROOM-0023,SVC-005,2024-10-23,11:30,12:30,60,completed,false,false,10,12,administrative,2024-09-26
BOOK-000209,ROOM-0054,SVC-006,2024-08-09,10:00,11:00,60,completed,false,false,6,7,clinic,2024-07-12
BOOK-000210,ROOM-0031,SVC-007,2025-04-30,15:00,16:00,60,cancelled,true,false,0,8,clinic,2025-04-01
BOOK-000211,ROOM-0022,SVC-008,2026-01-05,11:30,12:30,60,completed,false,false,10,10,administrative,2025-12-06
BOOK-000212,ROOM-0029,SVC-009,2026-02-12,15:00,16:00,60,completed,false,false,14,15,administrative,2026-01-12
BOOK-000213,ROOM-0015,SVC-010,2025-03-28,08:30,09:30,60,completed,false,false,9,11,diagnostic,2025-02-24
BOOK-000214,ROOM-0032,SVC-011,2025-06-05,15:00,16:00,60,completed,false,false,11,12,therapy,2025-05-03
BOOK-000215,ROOM-0010,SVC-012,2025-12-10,16:30,17:30,60,completed,false,false,4,5,administrative,2025-11-06
BOOK-000216,ROOM-0025,SVC-001,2025-05-26,16:30,17:30,60,completed,false,false,4,5,clinic,2025-04-21
BOOK-000217,ROOM-0007,SVC-002,2026-03-11,15:00,16:00,60,completed,false,false,4,6,clinic,2026-02-03
BOOK-000218,ROOM-0015,SVC-003,2025-04-29,08:30,09:30,60,cancelled,true,false,0,7,diagnostic,2025-03-23
BOOK-000219,ROOM-0002,SVC-004,2026-02-02,16:30,17:30,60,completed,false,false,9,9,therapy,2025-12-26
BOOK-000220,ROOM-0017,SVC-005,2024-05-24,13:30,14:30,60,completed,false,false,11,12,administrative,2024-04-15
BOOK-000221,ROOM-0006,SVC-006,2025-05-15,15:00,16:00,60,completed,false,false,8,10,clinic,2025-04-05
BOOK-000222,ROOM-0007,SVC-007,2025-01-23,10:00,11:00,60,cancelled,true,false,0,12,clinic,2024-12-13
BOOK-000223,ROOM-0040,SVC-008,2024-08-28,13:30,14:30,60,completed,false,false,11,12,administrative,2024-08-14
BOOK-000224,ROOM-0017,SVC-009,2024-12-16,11:30,12:30,60,completed,false,false,14,15,administrative,2024-12-01
BOOK-000225,ROOM-0033,SVC-010,2025-03-31,08:30,09:30,60,completed,false,false,3,5,diagnostic,2025-03-15
BOOK-000226,ROOM-0002,SVC-011,2026-01-20,16:30,17:30,60,completed,false,false,7,7,therapy,2026-01-03
BOOK-000227,ROOM-0004,SVC-012,2025-10-17,13:30,14:30,60,completed,false,false,6,7,administrative,2025-09-29
BOOK-000228,ROOM-0025,SVC-001,2026-03-25,13:30,14:30,60,completed,false,false,7,8,clinic,2026-03-06
BOOK-000229,ROOM-0055,SVC-002,2025-01-03,11:30,12:30,60,completed,false,false,9,10,clinic,2024-12-14
BOOK-000230,ROOM-0009,SVC-003,2025-10-03,08:30,09:30,60,completed,false,false,9,10,diagnostic,2025-09-12
BOOK-000231,ROOM-0002,SVC-004,2024-07-30,15:00,16:00,60,completed,false,false,10,11,therapy,2024-07-08
BOOK-000232,ROOM-0023,SVC-005,2024-05-24,13:30,14:30,60,completed,false,false,12,12,administrative,2024-05-01
BOOK-000233,ROOM-0024,SVC-006,2025-12-31,16:30,17:30,60,completed,false,false,3,5,clinic,2025-12-07
BOOK-000234,ROOM-0001,SVC-007,2025-12-18,08:30,09:30,60,completed,false,false,5,6,clinic,2025-11-23
BOOK-000235,ROOM-0010,SVC-008,2024-05-14,08:30,09:30,60,completed,false,false,5,6,administrative,2024-04-18
BOOK-000236,ROOM-0011,SVC-009,2025-06-30,11:30,12:30,60,completed,false,false,15,15,administrative,2025-06-03
BOOK-000237,ROOM-0015,SVC-010,2025-09-08,08:30,09:30,60,cancelled,true,false,0,8,diagnostic,2025-08-11
BOOK-000238,ROOM-0026,SVC-011,2024-05-23,13:30,14:30,60,completed,false,true,0,9,therapy,2024-04-24
BOOK-000239,ROOM-0022,SVC-012,2025-03-05,11:30,12:30,60,completed,false,false,9,10,administrative,2025-02-03
BOOK-000240,ROOM-0049,SVC-001,2024-12-10,08:30,09:30,60,completed,false,false,10,12,clinic,2024-11-09
BOOK-000241,ROOM-0055,SVC-002,2025-04-09,16:30,17:30,60,completed,false,false,10,12,clinic,2025-03-08
BOOK-000242,ROOM-0045,SVC-003,2026-02-18,15:00,16:00,60,completed,false,false,5,5,diagnostic,2026-01-16
BOOK-000243,ROOM-0032,SVC-004,2024-11-04,11:30,12:30,60,completed,false,false,6,6,therapy,2024-10-01
BOOK-000244,ROOM-0011,SVC-005,2025-04-11,11:30,12:30,60,completed,false,false,11,12,administrative,2025-03-07
BOOK-000245,ROOM-0054,SVC-006,2026-01-12,08:30,09:30,60,completed,false,false,6,8,clinic,2025-12-07
BOOK-000246,ROOM-0013,SVC-007,2024-11-12,16:30,17:30,60,completed,false,false,9,9,clinic,2024-10-06
BOOK-000247,ROOM-0004,SVC-008,2025-04-16,16:30,17:30,60,completed,false,false,9,9,administrative,2025-03-09
BOOK-000248,ROOM-0047,SVC-009,2024-09-16,16:30,17:30,60,completed,false,false,13,15,administrative,2024-08-08
BOOK-000249,ROOM-0015,SVC-010,2024-04-15,10:00,11:00,60,completed,false,true,0,11,diagnostic,2024-03-06
BOOK-000250,ROOM-0002,SVC-011,2025-05-27,13:30,14:30,60,completed,false,false,11,12,therapy,2025-04-16
BOOK-000251,ROOM-0010,SVC-012,2025-01-29,08:30,09:30,60,completed,false,false,3,5,administrative,2025-01-15
BOOK-000252,ROOM-0001,SVC-001,2025-03-18,13:30,14:30,60,completed,false,false,5,5,clinic,2025-03-03
BOOK-000253,ROOM-0037,SVC-002,2024-11-19,08:30,09:30,60,completed,false,false,7,7,clinic,2024-11-03
BOOK-000254,ROOM-0009,SVC-003,2024-04-01,08:30,09:30,60,completed,false,false,7,7,diagnostic,2024-03-15
BOOK-000255,ROOM-0038,SVC-004,2026-03-12,08:30,09:30,60,completed,false,false,7,8,therapy,2026-02-22
BOOK-000256,ROOM-0029,SVC-005,2025-02-17,08:30,09:30,60,completed,false,false,10,12,administrative,2025-01-29
BOOK-000257,ROOM-0012,SVC-006,2025-05-19,15:00,16:00,60,completed,false,false,8,10,clinic,2025-04-29
BOOK-000258,ROOM-0055,SVC-007,2025-04-29,15:00,16:00,60,completed,false,false,11,11,clinic,2025-04-08
BOOK-000259,ROOM-0034,SVC-008,2024-08-01,13:30,14:30,60,completed,false,false,10,12,administrative,2024-07-10
BOOK-000260,ROOM-0023,SVC-009,2026-01-16,13:30,14:30,60,completed,false,false,15,15,administrative,2025-12-24
BOOK-000261,ROOM-0039,SVC-010,2025-09-10,08:30,09:30,60,completed,false,false,5,5,diagnostic,2025-08-17
BOOK-000262,ROOM-0050,SVC-011,2025-04-01,11:30,12:30,60,completed,false,false,4,6,therapy,2025-03-07
BOOK-000263,ROOM-0010,SVC-012,2024-12-13,16:30,17:30,60,completed,false,false,7,8,administrative,2024-11-17
BOOK-000264,ROOM-0007,SVC-001,2025-11-13,16:30,17:30,60,cancelled,true,false,0,9,clinic,2025-10-17
BOOK-000265,ROOM-0055,SVC-002,2025-02-21,13:30,14:30,60,completed,false,false,9,10,clinic,2025-01-24
BOOK-000266,ROOM-0051,SVC-003,2024-06-28,11:30,12:30,60,completed,false,false,9,10,diagnostic,2024-05-30
BOOK-000267,ROOM-0002,SVC-004,2025-06-24,13:30,14:30,60,completed,false,false,10,11,therapy,2025-05-25
BOOK-000268,ROOM-0029,SVC-005,2026-01-06,16:30,17:30,60,completed,false,false,13,13,administrative,2025-12-06
BOOK-000269,ROOM-0054,SVC-006,2024-08-07,10:00,11:00,60,completed,false,false,4,5,clinic,2024-07-06
BOOK-000270,ROOM-0019,SVC-007,2025-07-29,10:00,11:00,60,completed,false,false,3,5,clinic,2025-06-26
BOOK-000271,ROOM-0004,SVC-008,2024-08-28,13:30,14:30,60,completed,false,false,4,6,administrative,2024-07-25
BOOK-000272,ROOM-0011,SVC-009,2026-01-23,13:30,14:30,60,cancelled,true,false,0,15,administrative,2025-12-19
BOOK-000273,ROOM-0015,SVC-010,2025-02-13,16:30,17:30,60,cancelled,true,false,0,9,diagnostic,2025-01-08
BOOK-000274,ROOM-0020,SVC-011,2024-11-22,13:30,14:30,60,completed,false,false,9,10,therapy,2024-10-16
BOOK-000275,ROOM-0046,SVC-012,2024-06-20,16:30,17:30,60,completed,false,false,9,10,administrative,2024-05-13
BOOK-000276,ROOM-0019,SVC-001,2025-06-05,08:30,09:30,60,completed,false,false,11,11,clinic,2025-04-27
BOOK-000277,ROOM-0001,SVC-002,2026-01-09,11:30,12:30,60,completed,false,false,12,13,clinic,2025-11-30
BOOK-000278,ROOM-0009,SVC-003,2025-06-04,11:30,12:30,60,completed,false,false,3,4,diagnostic,2025-04-24
BOOK-000279,ROOM-0032,SVC-004,2025-10-01,10:00,11:00,60,completed,false,false,5,5,therapy,2025-09-17
BOOK-000280,ROOM-0005,SVC-005,2025-12-04,15:00,16:00,60,cancelled,true,false,0,12,administrative,2025-11-19
BOOK-000281,ROOM-0054,SVC-006,2025-11-14,15:00,16:00,60,completed,false,false,7,8,clinic,2025-10-29
BOOK-000282,ROOM-0025,SVC-007,2026-02-10,11:30,12:30,60,completed,false,false,7,9,clinic,2026-01-24
BOOK-000283,ROOM-0010,SVC-008,2025-07-09,11:30,12:30,60,completed,false,false,8,9,administrative,2025-06-21
BOOK-000284,ROOM-0005,SVC-009,2024-07-29,13:30,14:30,60,completed,false,false,15,15,administrative,2024-07-10
BOOK-000285,ROOM-0045,SVC-010,2024-08-08,16:30,17:30,60,completed,false,false,10,11,diagnostic,2024-07-19
BOOK-000286,ROOM-0020,SVC-011,2024-10-01,11:30,12:30,60,completed,false,false,12,12,therapy,2024-09-10
BOOK-000287,ROOM-0052,SVC-012,2024-11-25,15:00,16:00,60,completed,false,false,5,5,administrative,2024-11-03
BOOK-000288,ROOM-0025,SVC-001,2025-03-10,13:30,14:30,60,completed,false,false,3,5,clinic,2025-02-15
BOOK-000289,ROOM-0025,SVC-002,2025-06-04,10:00,11:00,60,completed,false,false,5,6,clinic,2025-05-11
BOOK-000290,ROOM-0027,SVC-003,2026-03-31,16:30,17:30,60,completed,false,true,0,7,diagnostic,2026-03-06
BOOK-000291,ROOM-0056,SVC-004,2024-09-18,08:30,09:30,60,completed,false,false,8,8,therapy,2024-08-23
BOOK-000292,ROOM-0011,SVC-005,2026-01-23,16:30,17:30,60,completed,false,false,10,12,administrative,2025-12-27
BOOK-000293,ROOM-0006,SVC-006,2024-05-24,15:00,16:00,60,cancelled,true,false,0,10,clinic,2024-04-26
BOOK-000294,ROOM-0037,SVC-007,2024-09-16,13:30,14:30,60,completed,false,true,0,11,clinic,2024-08-18
BOOK-000295,ROOM-0034,SVC-008,2026-02-05,13:30,14:30,60,completed,false,false,12,13,administrative,2026-01-06
BOOK-000296,ROOM-0011,SVC-009,2024-11-22,10:00,11:00,60,completed,false,false,14,15,administrative,2024-10-22
BOOK-000297,ROOM-0003,SVC-010,2024-12-19,13:30,14:30,60,completed,false,false,5,6,diagnostic,2024-11-17
BOOK-000298,ROOM-0026,SVC-011,2025-11-10,13:30,14:30,60,completed,false,false,7,7,therapy,2025-10-08
BOOK-000299,ROOM-0052,SVC-012,2024-11-18,15:00,16:00,60,completed,false,false,6,8,administrative,2024-10-15
BOOK-000300,ROOM-0013,SVC-001,2024-08-27,11:30,12:30,60,completed,false,false,8,8,clinic,2024-07-23
BOOK-000301,ROOM-0007,SVC-002,2025-08-08,13:30,14:30,60,completed,false,false,8,9,clinic,2025-07-03
BOOK-000302,ROOM-0039,SVC-003,2024-10-17,08:30,09:30,60,cancelled,true,false,0,10,diagnostic,2024-09-10
BOOK-000303,ROOM-0056,SVC-004,2025-08-08,16:30,17:30,60,completed,false,false,9,11,therapy,2025-07-01
BOOK-000304,ROOM-0005,SVC-005,2025-08-19,08:30,09:30,60,completed,false,false,10,12,administrative,2025-07-11
BOOK-000305,ROOM-0024,SVC-006,2024-06-18,16:30,17:30,60,completed,false,false,4,5,clinic,2024-05-09
BOOK-000306,ROOM-0007,SVC-007,2024-04-17,15:00,16:00,60,completed,false,false,5,5,clinic,2024-03-07
BOOK-000307,ROOM-0046,SVC-008,2026-01-08,11:30,12:30,60,completed,false,false,7,7,administrative,2025-12-25
BOOK-000308,ROOM-0029,SVC-009,2025-12-08,11:30,12:30,60,completed,false,false,15,15,administrative,2025-11-23
BOOK-000309,ROOM-0045,SVC-010,2024-05-27,11:30,12:30,60,completed,false,false,8,8,diagnostic,2024-05-11
BOOK-000310,ROOM-0020,SVC-011,2025-09-24,10:00,11:00,60,completed,false,false,8,9,therapy,2025-09-07
BOOK-000311,ROOM-0034,SVC-012,2025-05-14,15:00,16:00,60,completed,false,false,10,10,administrative,2025-04-26
BOOK-000312,ROOM-0025,SVC-001,2026-02-05,11:30,12:30,60,completed,false,false,10,12,clinic,2026-01-17
BOOK-000313,ROOM-0037,SVC-002,2025-02-10,13:30,14:30,60,completed,false,false,11,13,clinic,2025-01-21
BOOK-000314,ROOM-0003,SVC-003,2025-01-02,13:30,14:30,60,completed,false,false,4,5,diagnostic,2024-12-12
BOOK-000315,ROOM-0050,SVC-004,2025-04-30,10:00,11:00,60,completed,false,false,4,5,therapy,2025-04-08
BOOK-000316,ROOM-0017,SVC-005,2025-09-15,10:00,11:00,60,completed,false,false,10,12,administrative,2025-08-23
BOOK-000317,ROOM-0012,SVC-006,2024-04-03,13:30,14:30,60,completed,false,false,7,7,clinic,2024-03-10
BOOK-000318,ROOM-0013,SVC-007,2025-09-24,13:30,14:30,60,completed,false,false,7,8,clinic,2025-08-30
BOOK-000319,ROOM-0022,SVC-008,2025-04-08,16:30,17:30,60,completed,false,false,7,9,administrative,2025-03-13
BOOK-000320,ROOM-0047,SVC-009,2024-10-23,08:30,09:30,60,completed,false,false,15,15,administrative,2024-09-26
BOOK-000321,ROOM-0045,SVC-010,2025-06-04,13:30,14:30,60,completed,false,false,10,11,diagnostic,2025-05-07
BOOK-000322,ROOM-0002,SVC-011,2025-10-10,11:30,12:30,60,completed,false,false,10,12,therapy,2025-09-11
BOOK-000323,ROOM-0052,SVC-012,2024-04-02,13:30,14:30,60,completed,false,false,4,4,administrative,2024-03-03
BOOK-000324,ROOM-0019,SVC-001,2024-09-04,13:30,14:30,60,completed,false,false,5,5,clinic,2024-08-04
BOOK-000325,ROOM-0007,SVC-002,2025-07-14,11:30,12:30,60,completed,false,false,5,6,clinic,2025-06-12
BOOK-000326,ROOM-0009,SVC-003,2026-02-17,15:00,16:00,60,completed,false,false,7,8,diagnostic,2026-01-15
BOOK-000327,ROOM-0044,SVC-004,2024-10-31,10:00,11:00,60,cancelled,true,false,0,8,therapy,2024-09-27
BOOK-000328,ROOM-0005,SVC-005,2025-11-11,13:30,14:30,60,completed,false,false,11,12,administrative,2025-10-07
BOOK-000329,ROOM-0042,SVC-006,2026-02-18,10:00,11:00,60,completed,false,true,0,11,clinic,2026-01-13
BOOK-000330,ROOM-0031,SVC-007,2026-02-05,11:30,12:30,60,completed,false,false,10,12,clinic,2025-12-30
BOOK-000331,ROOM-0016,SVC-008,2026-03-26,15:00,16:00,60,completed,false,false,11,12,administrative,2026-02-16
BOOK-000332,ROOM-0023,SVC-009,2024-04-03,08:30,09:30,60,completed,false,false,13,15,administrative,2024-02-24
BOOK-000333,ROOM-0021,SVC-010,2025-10-16,10:00,11:00,60,completed,false,false,4,5,diagnostic,2025-09-06
BOOK-000334,ROOM-0014,SVC-011,2024-07-10,16:30,17:30,60,completed,false,false,6,6,therapy,2024-05-30
BOOK-000335,ROOM-0022,SVC-012,2024-06-03,16:30,17:30,60,completed,false,false,7,7,administrative,2024-05-20
BOOK-000336,ROOM-0001,SVC-001,2026-03-03,13:30,14:30,60,completed,false,false,6,8,clinic,2026-02-16
BOOK-000337,ROOM-0013,SVC-002,2025-09-23,15:00,16:00,60,completed,false,false,7,9,clinic,2025-09-07
BOOK-000338,ROOM-0015,SVC-003,2024-12-31,11:30,12:30,60,completed,false,false,11,11,diagnostic,2024-12-14
BOOK-000339,ROOM-0044,SVC-004,2025-06-20,13:30,14:30,60,completed,false,false,11,11,therapy,2025-06-02
BOOK-000340,ROOM-0047,SVC-005,2025-12-15,15:00,16:00,60,completed,false,false,11,13,administrative,2025-11-26
BOOK-000341,ROOM-0012,SVC-006,2025-12-24,16:30,17:30,60,completed,false,false,5,5,clinic,2025-12-04
BOOK-000342,ROOM-0025,SVC-007,2024-12-11,08:30,09:30,60,completed,false,false,4,6,clinic,2024-11-20
BOOK-000343,ROOM-0004,SVC-008,2025-10-09,16:30,17:30,60,completed,false,false,5,6,administrative,2025-09-17
BOOK-000344,ROOM-0035,SVC-009,2024-10-22,08:30,09:30,60,completed,false,false,13,15,administrative,2024-09-29
BOOK-000345,ROOM-0051,SVC-010,2026-02-19,16:30,17:30,60,completed,false,false,9,9,diagnostic,2026-01-26
BOOK-000346,ROOM-0014,SVC-011,2024-08-15,08:30,09:30,60,completed,false,false,9,9,therapy,2024-07-21
BOOK-000347,ROOM-0016,SVC-012,2025-05-27,15:00,16:00,60,completed,false,false,9,10,administrative,2025-05-01
BOOK-000348,ROOM-0007,SVC-001,2024-05-27,16:30,17:30,60,completed,false,false,10,11,clinic,2024-04-30
BOOK-000349,ROOM-0007,SVC-002,2025-11-24,08:30,09:30,60,completed,false,false,12,13,clinic,2025-10-27
BOOK-000350,ROOM-0003,SVC-003,2026-01-13,13:30,14:30,60,completed,false,false,5,5,diagnostic,2025-12-15
BOOK-000351,ROOM-0032,SVC-004,2025-09-11,08:30,09:30,60,completed,false,false,3,5,therapy,2025-08-12
BOOK-000352,ROOM-0035,SVC-005,2025-05-20,13:30,14:30,60,completed,false,false,10,12,administrative,2025-04-19
BOOK-000353,ROOM-0054,SVC-006,2026-01-28,08:30,09:30,60,completed,false,false,8,8,clinic,2025-12-27
BOOK-000354,ROOM-0049,SVC-007,2024-05-29,16:30,17:30,60,completed,false,false,6,8,clinic,2024-04-26
BOOK-000355,ROOM-0040,SVC-008,2025-06-02,10:00,11:00,60,completed,false,false,8,9,administrative,2025-04-29
BOOK-000356,ROOM-0011,SVC-009,2024-07-05,13:30,14:30,60,completed,false,false,13,15,administrative,2024-05-31
BOOK-000357,ROOM-0003,SVC-010,2025-03-19,08:30,09:30,60,cancelled,true,false,0,11,diagnostic,2025-02-11
BOOK-000358,ROOM-0026,SVC-011,2024-06-24,15:00,16:00,60,completed,false,false,10,12,therapy,2024-05-18
BOOK-000359,ROOM-0010,SVC-012,2025-04-01,13:30,14:30,60,completed,false,false,2,4,administrative,2025-02-22
BOOK-000360,ROOM-0025,SVC-001,2024-04-16,15:00,16:00,60,completed,false,false,3,5,clinic,2024-03-08
BOOK-000361,ROOM-0001,SVC-002,2026-01-12,11:30,12:30,60,completed,false,false,6,7,clinic,2025-12-03
BOOK-000362,ROOM-0051,SVC-003,2025-09-17,16:30,17:30,60,completed,false,false,5,7,diagnostic,2025-08-07
BOOK-000363,ROOM-0020,SVC-004,2025-02-20,16:30,17:30,60,completed,false,false,7,9,therapy,2025-02-06
BOOK-000364,ROOM-0029,SVC-005,2025-09-24,10:00,11:00,60,completed,false,false,12,12,administrative,2025-09-09
BOOK-000365,ROOM-0042,SVC-006,2025-10-20,13:30,14:30,60,completed,false,false,10,10,clinic,2025-10-04
BOOK-000366,ROOM-0037,SVC-007,2024-07-05,10:00,11:00,60,completed,false,false,10,11,clinic,2024-06-18
BOOK-000367,ROOM-0010,SVC-008,2025-08-15,13:30,14:30,60,completed,false,false,11,12,administrative,2025-07-28
BOOK-000368,ROOM-0005,SVC-009,2025-01-02,13:30,14:30,60,completed,false,false,15,15,administrative,2024-12-14
BOOK-000369,ROOM-0033,SVC-010,2025-04-09,10:00,11:00,60,completed,false,false,4,5,diagnostic,2025-03-20
BOOK-000370,ROOM-0056,SVC-011,2025-10-03,11:30,12:30,60,completed,false,false,4,6,therapy,2025-09-12
BOOK-000371,ROOM-0022,SVC-012,2024-04-19,13:30,14:30,60,cancelled,true,false,0,7,administrative,2024-03-28
BOOK-000372,ROOM-0013,SVC-001,2024-08-14,11:30,12:30,60,completed,false,false,7,8,clinic,2024-07-22
BOOK-000373,ROOM-0013,SVC-002,2025-09-26,15:00,16:00,60,completed,false,false,8,9,clinic,2025-09-02
BOOK-000374,ROOM-0027,SVC-003,2024-08-02,15:00,16:00,60,completed,false,false,10,10,diagnostic,2024-07-08
BOOK-000375,ROOM-0002,SVC-004,2025-09-04,08:30,09:30,60,cancelled,true,false,0,11,therapy,2025-08-09
BOOK-000376,ROOM-0047,SVC-005,2024-07-30,16:30,17:30,60,completed,false,false,12,12,administrative,2024-07-03
BOOK-000377,ROOM-0024,SVC-006,2026-02-11,10:00,11:00,60,completed,false,false,4,5,clinic,2026-01-14
BOOK-000378,ROOM-0055,SVC-007,2026-01-29,10:00,11:00,60,completed,false,true,0,6,clinic,2025-12-31
BOOK-000379,ROOM-0016,SVC-008,2025-08-13,13:30,14:30,60,completed,false,false,6,6,administrative,2025-07-14
BOOK-000380,ROOM-0011,SVC-009,2024-10-25,08:30,09:30,60,completed,false,false,15,15,administrative,2024-09-24
BOOK-000381,ROOM-0009,SVC-010,2025-02-25,16:30,17:30,60,completed,false,false,8,9,diagnostic,2025-01-24
BOOK-000382,ROOM-0002,SVC-011,2026-02-18,08:30,09:30,60,completed,false,false,9,10,therapy,2026-01-16
BOOK-000383,ROOM-0034,SVC-012,2025-12-09,16:30,17:30,60,completed,false,false,10,11,administrative,2025-11-05
BOOK-000384,ROOM-0001,SVC-001,2025-01-28,10:00,11:00,60,completed,false,false,11,12,clinic,2024-12-24
BOOK-000385,ROOM-0031,SVC-002,2026-03-06,15:00,16:00,60,completed,false,false,11,12,clinic,2026-01-29
BOOK-000386,ROOM-0039,SVC-003,2025-07-23,13:30,14:30,60,completed,false,false,2,4,diagnostic,2025-06-16
BOOK-000387,ROOM-0032,SVC-004,2026-02-23,16:30,17:30,60,completed,false,false,5,6,therapy,2026-01-16
BOOK-000388,ROOM-0035,SVC-005,2025-05-19,13:30,14:30,60,completed,false,false,10,12,administrative,2025-04-10
BOOK-000389,ROOM-0018,SVC-006,2024-08-14,10:00,11:00,60,completed,false,false,5,7,clinic,2024-07-05
BOOK-000390,ROOM-0001,SVC-007,2024-08-28,11:30,12:30,60,completed,false,false,7,8,clinic,2024-07-18
BOOK-000391,ROOM-0028,SVC-008,2025-07-17,11:30,12:30,60,completed,false,false,9,9,administrative,2025-07-03
BOOK-000392,ROOM-0023,SVC-009,2025-09-15,16:30,17:30,60,completed,false,false,15,15,administrative,2025-08-31
BOOK-000393,ROOM-0021,SVC-010,2025-09-29,08:30,09:30,60,completed,false,false,10,11,diagnostic,2025-09-13
BOOK-000394,ROOM-0002,SVC-011,2025-04-16,11:30,12:30,60,completed,false,false,12,12,therapy,2025-03-30
BOOK-000395,ROOM-0022,SVC-012,2024-08-28,10:00,11:00,60,completed,false,false,2,4,administrative,2024-08-10
BOOK-000396,ROOM-0001,SVC-001,2025-02-19,11:30,12:30,60,completed,false,false,5,6,clinic,2025-01-31
BOOK-000397,ROOM-0055,SVC-002,2024-11-11,08:30,09:30,60,completed,false,false,7,7,clinic,2024-10-22
BOOK-000398,ROOM-0009,SVC-003,2024-11-12,10:00,11:00,60,completed,false,false,8,8,diagnostic,2024-10-22
BOOK-000399,ROOM-0026,SVC-004,2024-04-01,10:00,11:00,60,completed,false,false,6,8,therapy,2024-03-10
BOOK-000400,ROOM-0005,SVC-005,2025-08-21,08:30,09:30,60,cancelled,true,false,0,12,administrative,2025-07-29
BOOK-000401,ROOM-0018,SVC-006,2025-06-03,16:30,17:30,60,completed,false,false,8,10,clinic,2025-05-10
BOOK-000402,ROOM-0001,SVC-007,2024-12-20,08:30,09:30,60,completed,false,false,11,12,clinic,2024-11-25
BOOK-000403,ROOM-0010,SVC-008,2026-03-19,15:00,16:00,60,completed,false,false,12,12,administrative,2026-02-21
BOOK-000404,ROOM-0035,SVC-009,2024-11-12,10:00,11:00,60,completed,false,false,13,15,administrative,2024-10-16
BOOK-000405,ROOM-0039,SVC-010,2025-12-25,13:30,14:30,60,completed,false,false,4,6,diagnostic,2025-11-27
BOOK-000406,ROOM-0026,SVC-011,2025-12-09,15:00,16:00,60,completed,false,false,6,7,therapy,2025-11-10
BOOK-000407,ROOM-0004,SVC-012,2025-08-13,10:00,11:00,60,completed,false,false,5,7,administrative,2025-07-14
BOOK-000408,ROOM-0007,SVC-001,2025-01-22,10:00,11:00,60,completed,false,false,8,9,clinic,2024-12-22
BOOK-000409,ROOM-0037,SVC-002,2025-03-27,15:00,16:00,60,cancelled,true,false,0,9,clinic,2025-02-23
BOOK-000410,ROOM-0009,SVC-003,2026-01-12,13:30,14:30,60,completed,false,false,10,11,diagnostic,2025-12-10
BOOK-000411,ROOM-0026,SVC-004,2025-11-10,11:30,12:30,60,completed,false,false,12,12,therapy,2025-10-07
BOOK-000412,ROOM-0047,SVC-005,2024-10-11,11:30,12:30,60,completed,false,false,12,12,administrative,2024-09-06
BOOK-000413,ROOM-0042,SVC-006,2024-05-20,15:00,16:00,60,completed,false,false,5,5,clinic,2024-04-14
BOOK-000414,ROOM-0043,SVC-007,2025-12-08,08:30,09:30,60,completed,false,false,4,6,clinic,2025-11-01
BOOK-000415,ROOM-0004,SVC-008,2026-02-13,13:30,14:30,60,completed,false,false,6,7,administrative,2026-01-06
BOOK-000416,ROOM-0011,SVC-009,2025-06-27,11:30,12:30,60,completed,false,false,13,15,administrative,2025-05-19
BOOK-000417,ROOM-0051,SVC-010,2025-07-21,15:00,16:00,60,completed,false,true,0,8,diagnostic,2025-06-11
BOOK-000418,ROOM-0008,SVC-011,2024-10-10,11:30,12:30,60,completed,false,false,8,9,therapy,2024-08-30
BOOK-000419,ROOM-0040,SVC-012,2024-09-19,11:30,12:30,60,completed,false,false,9,10,administrative,2024-09-05
BOOK-000420,ROOM-0055,SVC-001,2025-08-12,11:30,12:30,60,cancelled,true,false,0,11,clinic,2025-07-28
BOOK-000421,ROOM-0001,SVC-002,2025-07-22,11:30,12:30,60,cancelled,true,false,0,12,clinic,2025-07-06
BOOK-000422,ROOM-0021,SVC-003,2025-09-30,16:30,17:30,60,completed,false,true,0,4,diagnostic,2025-09-13
BOOK-000423,ROOM-0014,SVC-004,2025-11-10,11:30,12:30,60,completed,false,false,5,6,therapy,2025-10-23
BOOK-000424,ROOM-0011,SVC-005,2025-04-02,11:30,12:30,60,completed,false,false,11,12,administrative,2025-03-14
BOOK-000425,ROOM-0024,SVC-006,2024-07-08,08:30,09:30,60,completed,false,false,7,7,clinic,2024-06-18
BOOK-000426,ROOM-0055,SVC-007,2025-02-24,11:30,12:30,60,cancelled,true,false,0,9,clinic,2025-02-03
BOOK-000427,ROOM-0028,SVC-008,2026-01-21,11:30,12:30,60,completed,false,false,8,10,administrative,2025-12-30
BOOK-000428,ROOM-0017,SVC-009,2024-11-18,10:00,11:00,60,completed,false,false,14,15,administrative,2024-10-26
BOOK-000429,ROOM-0033,SVC-010,2025-09-05,08:30,09:30,60,completed,false,false,10,11,diagnostic,2025-08-12
BOOK-000430,ROOM-0014,SVC-011,2026-02-17,08:30,09:30,60,completed,false,false,11,13,therapy,2026-01-23
BOOK-000431,ROOM-0028,SVC-012,2026-03-30,11:30,12:30,60,cancelled,true,false,0,4,administrative,2026-03-04
BOOK-000432,ROOM-0025,SVC-001,2024-04-24,15:00,16:00,60,completed,false,false,3,5,clinic,2024-03-28
BOOK-000433,ROOM-0013,SVC-002,2025-07-30,11:30,12:30,60,completed,false,false,6,6,clinic,2025-07-02
BOOK-000434,ROOM-0045,SVC-003,2025-04-29,08:30,09:30,60,completed,false,false,6,7,diagnostic,2025-03-31
BOOK-000435,ROOM-0008,SVC-004,2024-05-14,11:30,12:30,60,completed,false,false,7,8,therapy,2024-04-14
BOOK-000436,ROOM-0005,SVC-005,2025-03-17,10:00,11:00,60,completed,false,false,11,12,administrative,2025-02-14
BOOK-000437,ROOM-0030,SVC-006,2024-10-23,13:30,14:30,60,completed,false,false,10,10,clinic,2024-09-21
BOOK-000438,ROOM-0037,SVC-007,2025-06-19,08:30,09:30,60,completed,false,false,11,11,clinic,2025-05-17
BOOK-000439,ROOM-0022,SVC-008,2024-06-17,10:00,11:00,60,completed,false,false,11,12,administrative,2024-05-14
BOOK-000440,ROOM-0041,SVC-009,2024-10-31,08:30,09:30,60,completed,false,false,14,15,administrative,2024-09-26
BOOK-000441,ROOM-0003,SVC-010,2025-10-28,10:00,11:00,60,completed,false,false,5,5,diagnostic,2025-09-22
BOOK-000442,ROOM-0020,SVC-011,2026-03-24,10:00,11:00,60,completed,false,false,4,6,therapy,2026-02-15
BOOK-000443,ROOM-0004,SVC-012,2024-06-03,16:30,17:30,60,cancelled,true,false,0,7,administrative,2024-04-26
BOOK-000444,ROOM-0025,SVC-001,2025-09-22,13:30,14:30,60,completed,false,false,6,8,clinic,2025-08-14
BOOK-000445,ROOM-0031,SVC-002,2024-08-02,13:30,14:30,60,completed,false,false,7,9,clinic,2024-06-23
BOOK-000446,ROOM-0039,SVC-003,2025-12-23,11:30,12:30,60,completed,false,false,9,11,diagnostic,2025-11-12
BOOK-000447,ROOM-0038,SVC-004,2025-11-27,11:30,12:30,60,completed,false,false,12,12,therapy,2025-11-13
BOOK-000448,ROOM-0005,SVC-005,2025-04-08,11:30,12:30,60,completed,false,false,11,12,administrative,2025-03-24
BOOK-000449,ROOM-0042,SVC-006,2025-06-19,16:30,17:30,60,cancelled,true,false,0,5,clinic,2025-06-03
BOOK-000450,ROOM-0013,SVC-007,2025-10-22,15:00,16:00,60,completed,false,false,3,5,clinic,2025-10-05
BOOK-000451,ROOM-0034,SVC-008,2025-06-12,10:00,11:00,60,completed,false,false,4,6,administrative,2025-05-25
BOOK-000452,ROOM-0023,SVC-009,2024-05-31,10:00,11:00,60,completed,false,false,14,15,administrative,2024-05-12
BOOK-000453,ROOM-0009,SVC-010,2025-07-15,15:00,16:00,60,completed,false,false,8,8,diagnostic,2025-06-25
BOOK-000454,ROOM-0056,SVC-011,2025-07-09,16:30,17:30,60,completed,false,false,7,9,therapy,2025-06-18
BOOK-000455,ROOM-0037,SVC-001,2025-06-03,08:30,09:30,60,completed,false,false,10,11,clinic,2025-05-11
BOOK-000456,ROOM-0007,SVC-002,2024-12-30,10:00,11:00,60,completed,false,false,11,13,clinic,2024-12-06
BOOK-000457,ROOM-0045,SVC-003,2024-04-24,08:30,09:30,60,completed,false,false,2,4,diagnostic,2024-03-30
BOOK-000458,ROOM-0002,SVC-004,2024-08-13,16:30,17:30,60,completed,false,false,4,5,therapy,2024-07-18
BOOK-000459,ROOM-0047,SVC-005,2025-08-13,08:30,09:30,60,completed,false,false,12,12,administrative,2025-07-17
BOOK-000460,ROOM-0042,SVC-006,2025-04-17,13:30,14:30,60,completed,false,false,6,7,clinic,2025-03-20
BOOK-000461,ROOM-0001,SVC-007,2024-04-18,15:00,16:00,60,completed,false,false,7,8,clinic,2024-03-20
BOOK-000462,ROOM-0052,SVC-008,2024-08-08,13:30,14:30,60,completed,false,false,8,9,administrative,2024-07-09
BOOK-000463,ROOM-0017,SVC-009,2024-12-10,11:30,12:30,60,completed,false,false,15,15,administrative,2024-11-09
BOOK-000464,ROOM-0009,SVC-010,2024-06-04,13:30,14:30,60,completed,false,false,11,11,diagnostic,2024-05-03
BOOK-000465,ROOM-0002,SVC-011,2025-04-11,11:30,12:30,60,completed,false,false,10,12,therapy,2025-03-09
BOOK-000466,ROOM-0034,SVC-012,2025-06-27,16:30,17:30,60,completed,false,false,4,4,administrative,2025-05-24
BOOK-000467,ROOM-0037,SVC-001,2026-02-25,11:30,12:30,60,completed,false,false,5,6,clinic,2026-01-21
BOOK-000468,ROOM-0025,SVC-002,2024-07-25,11:30,12:30,60,completed,false,false,5,6,clinic,2024-06-19
BOOK-000469,ROOM-0009,SVC-003,2024-09-03,16:30,17:30,60,completed,false,false,5,7,diagnostic,2024-07-28
BOOK-000470,ROOM-0032,SVC-004,2024-05-07,11:30,12:30,60,completed,false,false,8,8,therapy,2024-03-30
BOOK-000471,ROOM-0011,SVC-005,2025-03-04,10:00,11:00,60,completed,false,false,10,12,administrative,2025-01-24
BOOK-000472,ROOM-0012,SVC-006,2025-05-01,15:00,16:00,60,completed,false,false,8,10,clinic,2025-03-22
BOOK-000473,ROOM-0025,SVC-007,2025-12-16,08:30,09:30,60,completed,false,false,12,12,clinic,2025-11-05
BOOK-000474,ROOM-0028,SVC-008,2025-04-25,16:30,17:30,60,completed,false,false,12,12,administrative,2025-04-11
BOOK-000475,ROOM-0041,SVC-009,2025-02-07,15:00,16:00,60,cancelled,true,false,0,15,administrative,2025-01-23
BOOK-000476,ROOM-0027,SVC-010,2024-12-19,13:30,14:30,60,completed,false,false,5,6,diagnostic,2024-12-03
BOOK-000477,ROOM-0020,SVC-011,2025-04-21,11:30,12:30,60,completed,false,false,4,6,therapy,2025-04-04
BOOK-000478,ROOM-0028,SVC-012,2024-09-11,11:30,12:30,60,cancelled,true,false,0,7,administrative,2024-08-24
BOOK-000479,ROOM-0007,SVC-001,2025-10-29,15:00,16:00,60,completed,false,false,6,8,clinic,2025-10-10
BOOK-000480,ROOM-0013,SVC-002,2026-03-19,15:00,16:00,60,completed,false,false,9,9,clinic,2026-02-27
BOOK-000481,ROOM-0039,SVC-003,2025-12-19,11:30,12:30,60,completed,false,false,10,11,diagnostic,2025-11-28
BOOK-000482,ROOM-0014,SVC-004,2026-01-23,15:00,16:00,60,completed,false,false,12,12,therapy,2026-01-01
BOOK-000483,ROOM-0029,SVC-005,2025-07-02,16:30,17:30,60,completed,false,false,11,12,administrative,2025-06-09
BOOK-000484,ROOM-0048,SVC-006,2024-10-18,13:30,14:30,60,cancelled,true,false,0,5,clinic,2024-09-24
BOOK-000485,ROOM-0025,SVC-007,2025-02-27,11:30,12:30,60,completed,false,false,5,6,clinic,2025-02-02
BOOK-000486,ROOM-0016,SVC-008,2025-02-07,13:30,14:30,60,completed,false,false,6,7,administrative,2025-01-12
BOOK-000487,ROOM-0035,SVC-009,2024-12-16,11:30,12:30,60,completed,false,false,15,15,administrative,2024-11-19
BOOK-000488,ROOM-0033,SVC-010,2026-02-23,16:30,17:30,60,completed,false,false,9,9,diagnostic,2026-01-26
BOOK-000489,ROOM-0056,SVC-011,2025-07-21,16:30,17:30,60,completed,false,false,7,9,therapy,2025-06-22
BOOK-000490,ROOM-0004,SVC-012,2024-10-29,13:30,14:30,60,completed,false,false,10,10,administrative,2024-09-29
BOOK-000491,ROOM-0037,SVC-001,2024-10-08,15:00,16:00,60,completed,false,false,11,11,clinic,2024-09-07
BOOK-000492,ROOM-0001,SVC-002,2024-10-03,16:30,17:30,60,completed,false,false,11,12,clinic,2024-09-01
BOOK-000493,ROOM-0003,SVC-003,2025-07-29,13:30,14:30,60,completed,false,false,4,4,diagnostic,2025-06-26
BOOK-000494,ROOM-0056,SVC-004,2025-04-07,10:00,11:00,60,completed,false,false,3,5,therapy,2025-03-04
BOOK-000495,ROOM-0053,SVC-005,2026-01-29,16:30,17:30,60,completed,false,false,10,12,administrative,2025-12-25
BOOK-000496,ROOM-0030,SVC-006,2024-04-11,13:30,14:30,60,completed,false,false,7,7,clinic,2024-03-06
BOOK-000497,ROOM-0016,SVC-008,2024-07-11,11:30,12:30,60,completed,false,false,9,9,administrative,2024-06-03
BOOK-000498,ROOM-0005,SVC-009,2024-05-13,10:00,11:00,60,completed,false,false,13,15,administrative,2024-04-04
BOOK-000499,ROOM-0051,SVC-010,2024-11-13,11:30,12:30,60,completed,false,false,12,12,diagnostic,2024-10-04
BOOK-000500,ROOM-0044,SVC-011,2026-02-17,08:30,09:30,60,completed,false,false,12,13,therapy,2026-01-07
BOOK-000501,ROOM-0016,SVC-012,2024-10-09,13:30,14:30,60,completed,false,false,2,4,administrative,2024-09-25
BOOK-000502,ROOM-0001,SVC-001,2024-06-27,08:30,09:30,60,completed,false,false,5,5,clinic,2024-06-12
BOOK-000503,ROOM-0043,SVC-002,2024-05-24,08:30,09:30,60,completed,false,false,5,6,clinic,2024-05-08
BOOK-000504,ROOM-0039,SVC-003,2025-02-12,15:00,16:00,60,completed,false,false,6,8,diagnostic,2025-01-26
BOOK-000505,ROOM-0044,SVC-004,2024-05-29,11:30,12:30,60,completed,false,false,6,8,therapy,2024-05-11
BOOK-000506,ROOM-0017,SVC-005,2024-10-15,11:30,12:30,60,completed,false,false,12,12,administrative,2024-09-26
BOOK-000507,ROOM-0012,SVC-006,2024-04-04,13:30,14:30,60,completed,false,false,10,10,clinic,2024-03-15
BOOK-000508,ROOM-0037,SVC-007,2025-04-16,15:00,16:00,60,completed,false,false,10,11,clinic,2025-03-26
BOOK-000509,ROOM-0028,SVC-008,2025-06-24,10:00,11:00,60,completed,false,false,12,12,administrative,2025-06-02
BOOK-000510,ROOM-0011,SVC-009,2024-12-05,11:30,12:30,60,completed,false,false,15,15,administrative,2024-11-12
BOOK-000511,ROOM-0039,SVC-010,2024-06-21,13:30,14:30,60,completed,false,false,5,5,diagnostic,2024-05-28
BOOK-000512,ROOM-0056,SVC-011,2025-09-22,10:00,11:00,60,completed,false,false,6,6,therapy,2025-08-28
BOOK-000513,ROOM-0040,SVC-012,2025-06-02,16:30,17:30,60,completed,false,false,6,7,administrative,2025-05-07
BOOK-000514,ROOM-0055,SVC-001,2024-06-27,08:30,09:30,60,completed,false,false,6,8,clinic,2024-05-31
BOOK-000515,ROOM-0055,SVC-002,2026-03-17,15:00,16:00,60,completed,false,false,9,9,clinic,2026-02-17
BOOK-000516,ROOM-0021,SVC-003,2024-07-17,13:30,14:30,60,completed,false,false,9,10,diagnostic,2024-06-18
BOOK-000517,ROOM-0002,SVC-004,2024-05-14,11:30,12:30,60,cancelled,true,false,0,11,therapy,2024-04-14
BOOK-000518,ROOM-0023,SVC-005,2025-07-09,16:30,17:30,60,completed,false,false,10,12,administrative,2025-06-08
BOOK-000519,ROOM-0006,SVC-006,2026-03-19,11:30,12:30,60,completed,false,false,4,5,clinic,2026-02-15
BOOK-000520,ROOM-0043,SVC-007,2025-01-21,10:00,11:00,60,completed,false,false,5,6,clinic,2024-12-19
BOOK-000521,ROOM-0010,SVC-008,2024-10-29,16:30,17:30,60,completed,false,false,5,6,administrative,2024-09-25
BOOK-000522,ROOM-0035,SVC-009,2024-04-12,08:30,09:30,60,completed,false,false,15,15,administrative,2024-03-08
BOOK-000523,ROOM-0051,SVC-010,2024-08-19,16:30,17:30,60,completed,false,false,6,8,diagnostic,2024-07-14
BOOK-000524,ROOM-0008,SVC-011,2025-01-13,16:30,17:30,60,completed,false,false,10,10,therapy,2024-12-07
BOOK-000525,ROOM-0016,SVC-012,2024-11-11,15:00,16:00,60,completed,false,false,11,11,administrative,2024-10-04
BOOK-000526,ROOM-0025,SVC-001,2025-06-03,08:30,09:30,60,completed,false,false,11,11,clinic,2025-04-25
BOOK-000527,ROOM-0031,SVC-002,2024-06-24,10:00,11:00,60,completed,false,false,10,12,clinic,2024-05-15
BOOK-000528,ROOM-0015,SVC-003,2025-07-24,13:30,14:30,60,completed,false,false,3,4,diagnostic,2025-06-13
BOOK-000529,ROOM-0038,SVC-004,2025-06-23,13:30,14:30,60,completed,false,false,4,5,therapy,2025-06-09
BOOK-000530,ROOM-0011,SVC-005,2024-05-21,13:30,14:30,60,completed,false,false,10,12,administrative,2024-05-06
BOOK-000531,ROOM-0024,SVC-006,2025-04-23,13:30,14:30,60,completed,false,false,7,7,clinic,2025-04-07
BOOK-000532,ROOM-0001,SVC-007,2025-10-13,15:00,16:00,60,completed,false,false,8,8,clinic,2025-09-26
BOOK-000533,ROOM-0040,SVC-008,2024-05-23,08:30,09:30,60,completed,false,false,9,9,administrative,2024-05-05
BOOK-000534,ROOM-0023,SVC-009,2026-02-17,15:00,16:00,60,completed,false,false,13,15,administrative,2026-01-29
BOOK-000535,ROOM-0021,SVC-010,2025-12-29,13:30,14:30,60,completed,false,false,10,12,diagnostic,2025-12-09
BOOK-000536,ROOM-0038,SVC-011,2025-04-24,11:30,12:30,60,completed,false,false,12,12,therapy,2025-04-03
BOOK-000537,ROOM-0004,SVC-012,2024-10-22,13:30,14:30,60,completed,false,false,3,4,administrative,2024-09-30
BOOK-000538,ROOM-0031,SVC-001,2024-06-04,08:30,09:30,60,completed,false,false,3,5,clinic,2024-05-12
BOOK-000539,ROOM-0025,SVC-002,2024-12-17,10:00,11:00,60,completed,false,false,5,7,clinic,2024-11-23
BOOK-000540,ROOM-0021,SVC-003,2025-02-06,15:00,16:00,60,completed,false,false,8,8,diagnostic,2025-01-12
BOOK-000541,ROOM-0044,SVC-004,2025-12-29,13:30,14:30,60,cancelled,true,false,0,9,therapy,2025-12-03
BOOK-000542,ROOM-0053,SVC-005,2024-05-03,13:30,14:30,60,completed,false,false,11,12,administrative,2024-04-06
BOOK-000543,ROOM-0006,SVC-006,2025-09-18,11:30,12:30,60,completed,false,false,8,10,clinic,2025-08-21
BOOK-000544,ROOM-0001,SVC-007,2026-03-17,13:30,14:30,60,completed,false,false,10,11,clinic,2026-02-16
BOOK-000545,ROOM-0022,SVC-008,2025-05-08,08:30,09:30,60,completed,false,false,10,12,administrative,2025-04-08
BOOK-000546,ROOM-0005,SVC-009,2025-09-17,16:30,17:30,60,completed,false,false,14,15,administrative,2025-08-17
BOOK-000547,ROOM-0027,SVC-010,2025-01-07,15:00,16:00,60,completed,false,false,6,6,diagnostic,2024-12-06
BOOK-000548,ROOM-0020,SVC-011,2024-12-20,15:00,16:00,60,completed,false,false,5,7,therapy,2024-11-17
BOOK-000549,ROOM-0016,SVC-012,2025-03-03,11:30,12:30,60,completed,false,false,6,7,administrative,2025-01-28
BOOK-000550,ROOM-0043,SVC-001,2024-12-03,08:30,09:30,60,completed,false,false,8,9,clinic,2024-10-29
BOOK-000551,ROOM-0001,SVC-002,2026-03-26,15:00,16:00,60,cancelled,true,false,0,9,clinic,2026-02-18
BOOK-000552,ROOM-0051,SVC-003,2026-02-19,15:00,16:00,60,completed,false,false,9,11,diagnostic,2026-01-13
BOOK-000553,ROOM-0056,SVC-004,2024-07-24,15:00,16:00,60,completed,false,false,11,11,therapy,2024-06-16
BOOK-000554,ROOM-0011,SVC-005,2025-01-09,16:30,17:30,60,completed,false,false,11,13,administrative,2024-12-01
BOOK-000555,ROOM-0054,SVC-006,2024-06-14,16:30,17:30,60,completed,false,false,5,5,clinic,2024-05-05
BOOK-000556,ROOM-0007,SVC-007,2024-05-21,16:30,17:30,60,completed,false,false,4,5,clinic,2024-04-10
BOOK-000557,ROOM-0022,SVC-008,2026-03-12,15:00,16:00,60,cancelled,true,false,0,6,administrative,2026-02-26
BOOK-000558,ROOM-0029,SVC-009,2024-12-26,11:30,12:30,60,completed,false,false,13,15,administrative,2024-12-11
BOOK-000559,ROOM-0009,SVC-010,2025-06-10,13:30,14:30,60,completed,false,false,6,8,diagnostic,2025-05-25
BOOK-000560,ROOM-0020,SVC-011,2025-03-12,10:00,11:00,60,completed,false,false,9,9,therapy,2025-02-23
BOOK-000561,ROOM-0004,SVC-012,2025-02-28,10:00,11:00,60,completed,false,false,10,11,administrative,2025-02-10
BOOK-000562,ROOM-0037,SVC-001,2025-05-14,16:30,17:30,60,completed,false,false,10,11,clinic,2025-04-25
BOOK-000563,ROOM-0007,SVC-002,2025-05-28,08:30,09:30,60,completed,false,false,11,12,clinic,2025-05-08
BOOK-000564,ROOM-0027,SVC-003,2024-04-30,08:30,09:30,60,completed,false,false,4,4,diagnostic,2024-04-09
BOOK-000565,ROOM-0044,SVC-004,2026-03-04,08:30,09:30,60,completed,false,false,4,5,therapy,2026-02-10
BOOK-000566,ROOM-0041,SVC-005,2024-05-03,13:30,14:30,60,completed,false,false,12,12,administrative,2024-04-10
BOOK-000567,ROOM-0036,SVC-006,2024-07-04,08:30,09:30,60,completed,false,false,6,7,clinic,2024-06-10
BOOK-000568,ROOM-0013,SVC-007,2025-01-06,10:00,11:00,60,completed,false,false,7,9,clinic,2024-12-12
BOOK-000569,ROOM-0028,SVC-008,2025-11-17,08:30,09:30,60,completed,false,false,8,10,administrative,2025-10-22
BOOK-000570,ROOM-0011,SVC-009,2026-03-05,16:30,17:30,60,completed,false,false,15,15,administrative,2026-02-06
BOOK-000571,ROOM-0003,SVC-010,2024-04-05,10:00,11:00,60,completed,false,false,10,11,diagnostic,2024-03-08
BOOK-000572,ROOM-0032,SVC-011,2025-04-17,11:30,12:30,60,completed,false,false,11,12,therapy,2025-03-19
BOOK-000573,ROOM-0016,SVC-012,2025-02-27,10:00,11:00,60,completed,false,false,5,5,administrative,2025-01-28
BOOK-000574,ROOM-0049,SVC-001,2024-08-09,11:30,12:30,60,cancelled,true,false,0,5,clinic,2024-07-09
BOOK-000575,ROOM-0001,SVC-002,2024-08-22,13:30,14:30,60,cancelled,true,false,0,6,clinic,2024-07-21
BOOK-000576,ROOM-0033,SVC-003,2026-01-16,13:30,14:30,60,completed,false,false,6,8,diagnostic,2025-12-14
BOOK-000577,ROOM-0014,SVC-004,2025-01-29,15:00,16:00,60,completed,false,false,9,9,therapy,2024-12-26
BOOK-000578,ROOM-0041,SVC-005,2024-07-10,16:30,17:30,60,cancelled,true,false,0,12,administrative,2024-06-05
BOOK-000579,ROOM-0054,SVC-006,2024-05-09,15:00,16:00,60,completed,false,false,9,10,clinic,2024-04-03
BOOK-000580,ROOM-0037,SVC-007,2024-10-22,15:00,16:00,60,cancelled,true,false,0,11,clinic,2024-09-15
BOOK-000581,ROOM-0040,SVC-008,2025-11-11,08:30,09:30,60,completed,false,false,12,13,administrative,2025-10-04
BOOK-000582,ROOM-0023,SVC-009,2025-01-15,13:30,14:30,60,completed,false,false,15,15,administrative,2024-12-07
BOOK-000583,ROOM-0039,SVC-010,2024-07-10,15:00,16:00,60,completed,false,false,5,5,diagnostic,2024-05-31
BOOK-000584,ROOM-0020,SVC-011,2025-08-04,08:30,09:30,60,completed,false,false,4,6,therapy,2025-06-24
BOOK-000585,ROOM-0004,SVC-012,2024-06-21,16:30,17:30,60,completed,false,false,6,7,administrative,2024-06-07
BOOK-000586,ROOM-0055,SVC-001,2025-02-12,11:30,12:30,60,completed,false,false,9,9,clinic,2025-01-28
BOOK-000587,ROOM-0049,SVC-002,2024-11-22,08:30,09:30,60,completed,false,false,9,10,clinic,2024-11-06
BOOK-000588,ROOM-0027,SVC-003,2024-11-14,10:00,11:00,60,completed,false,true,0,11,diagnostic,2024-10-28
BOOK-000589,ROOM-0008,SVC-004,2025-04-21,10:00,11:00,60,completed,false,false,9,11,therapy,2025-04-03
BOOK-000590,ROOM-0023,SVC-005,2024-05-08,13:30,14:30,60,completed,false,false,12,12,administrative,2024-04-19
BOOK-000591,ROOM-0018,SVC-006,2025-02-10,10:00,11:00,60,completed,false,false,3,5,clinic,2025-01-21
BOOK-000592,ROOM-0013,SVC-007,2025-07-09,10:00,11:00,60,completed,false,false,4,5,clinic,2025-06-18
BOOK-000593,ROOM-0028,SVC-008,2025-05-01,08:30,09:30,60,completed,false,false,5,6,administrative,2025-04-09
BOOK-000594,ROOM-0053,SVC-009,2024-07-11,13:30,14:30,60,completed,false,false,13,15,administrative,2024-06-18
BOOK-000595,ROOM-0015,SVC-010,2025-05-27,11:30,12:30,60,completed,false,false,7,8,diagnostic,2025-05-03
BOOK-000596,ROOM-0050,SVC-011,2024-04-11,11:30,12:30,60,completed,false,false,8,9,therapy,2024-03-17
BOOK-000597,ROOM-0010,SVC-012,2024-05-15,15:00,16:00,60,completed,false,true,0,10,administrative,2024-04-19
BOOK-000598,ROOM-0049,SVC-001,2025-02-18,11:30,12:30,60,completed,false,false,10,12,clinic,2025-01-22
BOOK-000599,ROOM-0007,SVC-002,2024-12-03,10:00,11:00,60,completed,false,false,12,13,clinic,2024-11-05
BOOK-000600,ROOM-0021,SVC-003,2024-10-11,08:30,09:30,60,completed,false,true,0,4,diagnostic,2024-09-12
BOOK-000601,ROOM-0002,SVC-004,2025-12-30,13:30,14:30,60,completed,false,false,4,6,therapy,2025-11-30
BOOK-000602,ROOM-0041,SVC-005,2025-02-21,08:30,09:30,60,completed,false,false,12,12,administrative,2025-01-21
BOOK-000603,ROOM-0006,SVC-006,2026-03-20,11:30,12:30,60,completed,false,false,5,7,clinic,2026-02-16
BOOK-000604,ROOM-0001,SVC-007,2024-07-17,10:00,11:00,60,completed,false,false,8,8,clinic,2024-06-14
BOOK-000605,ROOM-0052,SVC-008,2025-09-26,15:00,16:00,60,completed,false,false,9,9,administrative,2025-08-23
BOOK-000606,ROOM-0005,SVC-009,2024-04-30,08:30,09:30,60,cancelled,true,false,0,15,administrative,2024-03-26
BOOK-000607,ROOM-0009,SVC-010,2025-03-25,08:30,09:30,60,completed,false,false,10,11,diagnostic,2025-02-17
BOOK-000608,ROOM-0044,SVC-011,2024-12-27,15:00,16:00,60,completed,false,false,12,13,therapy,2024-11-20
BOOK-000609,ROOM-0052,SVC-012,2024-12-12,16:30,17:30,60,completed,false,false,5,5,administrative,2024-11-04
BOOK-000610,ROOM-0019,SVC-001,2025-10-20,15:00,16:00,60,completed,false,false,3,5,clinic,2025-09-11
BOOK-000611,ROOM-0025,SVC-002,2024-10-16,16:30,17:30,60,completed,false,false,5,6,clinic,2024-09-06
BOOK-000612,ROOM-0039,SVC-003,2025-08-26,15:00,16:00,60,completed,false,false,7,7,diagnostic,2025-07-16
BOOK-000613,ROOM-0002,SVC-004,2024-12-17,13:30,14:30,60,completed,false,false,8,9,therapy,2024-12-03
BOOK-000614,ROOM-0053,SVC-005,2024-07-31,16:30,17:30,60,completed,false,false,12,12,administrative,2024-07-16
BOOK-000615,ROOM-0048,SVC-006,2024-11-26,15:00,16:00,60,completed,false,false,10,11,clinic,2024-11-10
BOOK-000616,ROOM-0037,SVC-007,2024-12-11,08:30,09:30,60,completed,false,false,11,12,clinic,2024-11-24
BOOK-000617,ROOM-0010,SVC-008,2026-02-23,13:30,14:30,60,completed,false,false,11,13,administrative,2026-02-05
BOOK-000618,ROOM-0047,SVC-009,2025-11-07,10:00,11:00,60,cancelled,true,false,0,15,administrative,2025-10-19
BOOK-000619,ROOM-0003,SVC-010,2025-08-26,16:30,17:30,60,completed,false,false,5,5,diagnostic,2025-08-06
BOOK-000620,ROOM-0038,SVC-011,2024-11-26,13:30,14:30,60,completed,false,false,5,7,therapy,2024-11-05
BOOK-000621,ROOM-0052,SVC-012,2026-02-19,10:00,11:00,60,completed,false,false,7,8,administrative,2026-01-28
BOOK-000622,ROOM-0049,SVC-001,2024-10-01,15:00,16:00,60,completed,false,false,7,8,clinic,2024-09-08
BOOK-000623,ROOM-0013,SVC-002,2026-03-09,15:00,16:00,60,completed,false,false,9,9,clinic,2026-02-13
BOOK-000624,ROOM-0045,SVC-003,2025-03-28,16:30,17:30,60,completed,false,false,10,10,diagnostic,2025-03-03
BOOK-000625,ROOM-0014,SVC-004,2025-06-18,13:30,14:30,60,completed,false,false,10,11,therapy,2025-05-23
BOOK-000626,ROOM-0041,SVC-005,2024-04-03,11:30,12:30,60,completed,false,false,11,12,administrative,2024-03-07
BOOK-000627,ROOM-0042,SVC-006,2025-05-26,15:00,16:00,60,completed,false,false,5,5,clinic,2025-04-28
BOOK-000628,ROOM-0055,SVC-007,2025-07-25,10:00,11:00,60,completed,false,false,3,5,clinic,2025-06-26
BOOK-000629,ROOM-0046,SVC-008,2026-01-14,11:30,12:30,60,completed,false,false,6,7,administrative,2025-12-15
BOOK-000630,ROOM-0041,SVC-009,2025-06-12,11:30,12:30,60,completed,false,false,13,15,administrative,2025-05-12
BOOK-000631,ROOM-0009,SVC-010,2024-06-07,13:30,14:30,60,completed,false,false,7,8,diagnostic,2024-05-06
BOOK-000632,ROOM-0014,SVC-011,2024-08-13,08:30,09:30,60,completed,false,true,0,9,therapy,2024-07-11
BOOK-000633,ROOM-0022,SVC-012,2025-06-11,16:30,17:30,60,cancelled,true,false,0,10,administrative,2025-05-08
BOOK-000634,ROOM-0043,SVC-001,2024-04-05,15:00,16:00,60,completed,false,false,11,11,clinic,2024-03-01
BOOK-000635,ROOM-0007,SVC-002,2024-04-04,16:30,17:30,60,completed,false,false,10,12,clinic,2024-02-28
BOOK-000636,ROOM-0021,SVC-003,2025-06-10,11:30,12:30,60,completed,false,false,2,4,diagnostic,2025-05-04
BOOK-000637,ROOM-0032,SVC-004,2026-03-02,08:30,09:30,60,completed,false,false,4,5,therapy,2026-01-23
BOOK-000638,ROOM-0041,SVC-005,2025-07-11,16:30,17:30,60,completed,false,false,10,12,administrative,2025-06-02
BOOK-000639,ROOM-0018,SVC-006,2024-12-03,16:30,17:30,60,completed,false,false,6,8,clinic,2024-10-24
BOOK-000640,ROOM-0049,SVC-007,2025-01-24,10:00,11:00,60,completed,false,false,7,9,clinic,2024-12-14
BOOK-000641,ROOM-0028,SVC-008,2025-10-31,16:30,17:30,60,completed,false,false,7,9,administrative,2025-10-17
BOOK-000642,ROOM-0011,SVC-009,2024-11-04,10:00,11:00,60,completed,false,false,14,15,administrative,2024-10-20
BOOK-000643,ROOM-0027,SVC-010,2026-03-11,08:30,09:30,60,completed,false,false,9,11,diagnostic,2026-02-23
BOOK-000644,ROOM-0056,SVC-011,2024-09-16,10:00,11:00,60,completed,false,false,10,12,therapy,2024-08-30
BOOK-000645,ROOM-0040,SVC-012,2025-05-28,15:00,16:00,60,completed,false,false,3,4,administrative,2025-05-10
BOOK-000646,ROOM-0031,SVC-002,2024-12-24,10:00,11:00,60,cancelled,true,false,0,7,clinic,2024-12-04
BOOK-000647,ROOM-0027,SVC-003,2026-01-12,13:30,14:30,60,completed,false,false,7,8,diagnostic,2025-12-22
BOOK-000648,ROOM-0008,SVC-004,2024-05-28,11:30,12:30,60,completed,false,false,7,8,therapy,2024-05-06
BOOK-000649,ROOM-0023,SVC-005,2025-05-05,13:30,14:30,60,completed,false,false,10,12,administrative,2025-04-12
BOOK-000650,ROOM-0054,SVC-006,2024-05-15,15:00,16:00,60,completed,false,false,8,10,clinic,2024-04-21
BOOK-000651,ROOM-0025,SVC-007,2026-02-17,11:30,12:30,60,completed,false,false,10,12,clinic,2026-01-23
BOOK-000652,ROOM-0022,SVC-008,2026-01-14,11:30,12:30,60,completed,false,true,0,13,administrative,2025-12-19
BOOK-000653,ROOM-0017,SVC-009,2025-10-02,08:30,09:30,60,completed,false,false,13,15,administrative,2025-09-05
BOOK-000654,ROOM-0033,SVC-010,2025-08-12,16:30,17:30,60,completed,false,false,4,5,diagnostic,2025-07-15
BOOK-000655,ROOM-0044,SVC-011,2025-01-16,16:30,17:30,60,completed,false,false,7,7,therapy,2024-12-18
BOOK-000656,ROOM-0016,SVC-012,2026-01-14,08:30,09:30,60,completed,false,false,8,8,administrative,2025-12-15
BOOK-000657,ROOM-0049,SVC-001,2024-10-04,15:00,16:00,60,completed,false,false,8,8,clinic,2024-09-03
BOOK-000658,ROOM-0055,SVC-002,2025-01-15,11:30,12:30,60,completed,false,false,10,10,clinic,2024-12-14
BOOK-000659,ROOM-0045,SVC-003,2024-06-06,11:30,12:30,60,completed,false,true,0,10,diagnostic,2024-05-04
BOOK-000660,ROOM-0044,SVC-004,2024-12-12,13:30,14:30,60,completed,false,false,12,12,therapy,2024-11-08
BOOK-000661,ROOM-0035,SVC-005,2025-01-10,16:30,17:30,60,completed,false,false,11,13,administrative,2024-12-06
BOOK-000662,ROOM-0036,SVC-006,2024-10-31,13:30,14:30,60,completed,false,false,4,5,clinic,2024-09-25
BOOK-000663,ROOM-0037,SVC-007,2024-10-24,15:00,16:00,60,completed,false,false,4,5,clinic,2024-09-17
BOOK-000664,ROOM-0034,SVC-008,2026-03-04,15:00,16:00,60,completed,false,false,6,6,administrative,2026-01-25
BOOK-000665,ROOM-0047,SVC-009,2025-05-09,10:00,11:00,60,completed,false,false,13,15,administrative,2025-03-31
BOOK-000666,ROOM-0027,SVC-010,2024-06-18,13:30,14:30,60,completed,false,false,7,8,diagnostic,2024-05-09
BOOK-000667,ROOM-0032,SVC-011,2025-05-23,13:30,14:30,60,completed,false,false,9,9,therapy,2025-04-12
BOOK-000668,ROOM-0052,SVC-012,2024-06-11,16:30,17:30,60,completed,false,false,8,10,administrative,2024-05-28
BOOK-000669,ROOM-0043,SVC-001,2024-09-03,13:30,14:30,60,completed,false,false,10,11,clinic,2024-08-19
BOOK-000670,ROOM-0055,SVC-002,2025-08-20,13:30,14:30,60,completed,false,false,10,12,clinic,2025-08-04
BOOK-000671,ROOM-0021,SVC-003,2025-04-15,08:30,09:30,60,completed,false,false,3,4,diagnostic,2025-03-29
BOOK-000672,ROOM-0050,SVC-004,2024-07-17,15:00,16:00,60,completed,false,false,3,5,therapy,2024-06-29
BOOK-000673,ROOM-0023,SVC-005,2024-07-01,16:30,17:30,60,completed,false,false,10,12,administrative,2024-06-12
BOOK-000674,ROOM-0024,SVC-006,2024-09-25,11:30,12:30,60,completed,false,false,5,7,clinic,2024-09-05
BOOK-000675,ROOM-0013,SVC-007,2025-09-29,13:30,14:30,60,completed,false,false,6,8,clinic,2025-09-08
BOOK-000676,ROOM-0028,SVC-008,2024-05-27,08:30,09:30,60,completed,false,false,7,9,administrative,2024-05-05
BOOK-000677,ROOM-0029,SVC-009,2025-03-18,16:30,17:30,60,completed,false,false,13,15,administrative,2025-02-23
BOOK-000678,ROOM-0009,SVC-010,2024-11-27,11:30,12:30,60,completed,false,false,12,12,diagnostic,2024-11-03
BOOK-000679,ROOM-0014,SVC-011,2024-08-30,08:30,09:30,60,completed,false,false,10,12,therapy,2024-08-05
BOOK-000680,ROOM-0010,SVC-012,2025-10-02,13:30,14:30,60,completed,false,false,2,4,administrative,2025-09-06
BOOK-000681,ROOM-0043,SVC-001,2025-02-11,11:30,12:30,60,completed,false,false,6,6,clinic,2025-01-15
BOOK-000682,ROOM-0007,SVC-002,2025-01-29,11:30,12:30,60,completed,false,false,6,7,clinic,2025-01-01
BOOK-000683,ROOM-0021,SVC-003,2024-06-24,11:30,12:30,60,completed,false,false,5,7,diagnostic,2024-05-26
BOOK-000684,ROOM-0008,SVC-004,2024-07-01,15:00,16:00,60,cancelled,true,false,0,8,therapy,2024-06-01
BOOK-000685,ROOM-0029,SVC-005,2024-05-30,13:30,14:30,60,completed,false,false,10,12,administrative,2024-04-29
BOOK-000686,ROOM-0018,SVC-006,2025-07-25,08:30,09:30,60,completed,false,false,8,10,clinic,2025-06-23
BOOK-000687,ROOM-0031,SVC-007,2025-10-29,15:00,16:00,60,completed,false,false,10,11,clinic,2025-09-26
BOOK-000688,ROOM-0046,SVC-008,2025-04-21,16:30,17:30,60,completed,false,false,10,12,administrative,2025-03-18
BOOK-000689,ROOM-0035,SVC-009,2025-06-16,11:30,12:30,60,completed,false,false,15,15,administrative,2025-05-12
BOOK-000690,ROOM-0003,SVC-010,2025-08-01,16:30,17:30,60,completed,false,false,5,5,diagnostic,2025-06-26
BOOK-000691,ROOM-0026,SVC-011,2026-03-24,10:00,11:00,60,completed,false,false,4,6,therapy,2026-02-15
BOOK-000692,ROOM-0004,SVC-012,2025-11-21,15:00,16:00,60,completed,false,false,7,8,administrative,2025-10-14
BOOK-000693,ROOM-0013,SVC-001,2024-12-03,08:30,09:30,60,completed,false,false,9,9,clinic,2024-10-25
BOOK-000694,ROOM-0025,SVC-002,2025-07-31,11:30,12:30,60,completed,false,false,7,9,clinic,2025-06-21
BOOK-000695,ROOM-0033,SVC-003,2024-04-15,08:30,09:30,60,completed,false,false,9,10,diagnostic,2024-03-05
BOOK-000696,ROOM-0032,SVC-004,2025-07-23,15:00,16:00,60,completed,false,false,9,11,therapy,2025-07-09
BOOK-000697,ROOM-0011,SVC-005,2024-12-19,15:00,16:00,60,completed,false,false,11,13,administrative,2024-12-04
BOOK-000698,ROOM-0054,SVC-006,2025-02-12,10:00,11:00,60,completed,false,true,0,5,clinic,2025-01-27
BOOK-000699,ROOM-0007,SVC-007,2026-02-05,11:30,12:30,60,completed,false,false,6,6,clinic,2026-01-19
BOOK-000700,ROOM-0010,SVC-008,2024-12-09,10:00,11:00,60,cancelled,true,false,0,7,administrative,2024-11-21
BOOK-000701,ROOM-0005,SVC-009,2024-05-28,10:00,11:00,60,completed,false,false,14,15,administrative,2024-05-09
BOOK-000702,ROOM-0051,SVC-010,2024-05-07,11:30,12:30,60,cancelled,true,false,0,8,diagnostic,2024-04-17
BOOK-000703,ROOM-0020,SVC-011,2024-10-18,11:30,12:30,60,completed,false,false,9,9,therapy,2024-09-27
BOOK-000704,ROOM-0040,SVC-012,2025-10-09,13:30,14:30,60,completed,false,false,9,10,administrative,2025-09-17
BOOK-000705,ROOM-0007,SVC-001,2026-01-07,10:00,11:00,60,completed,false,false,10,12,clinic,2025-12-15
BOOK-000706,ROOM-0019,SVC-002,2025-01-03,11:30,12:30,60,cancelled,true,false,0,13,clinic,2024-12-10
BOOK-000707,ROOM-0009,SVC-003,2024-04-12,08:30,09:30,60,completed,false,false,3,4,diagnostic,2024-03-18
BOOK-000708,ROOM-0002,SVC-004,2024-06-24,13:30,14:30,60,completed,false,false,4,5,therapy,2024-05-29
BOOK-000709,ROOM-0047,SVC-005,2024-07-03,16:30,17:30,60,completed,false,false,12,12,administrative,2024-06-06
BOOK-000710,ROOM-0048,SVC-006,2025-09-09,11:30,12:30,60,completed,false,false,7,7,clinic,2025-08-12
BOOK-000711,ROOM-0013,SVC-007,2024-10-24,15:00,16:00,60,completed,false,true,0,8,clinic,2024-09-25
BOOK-000712,ROOM-0022,SVC-008,2026-02-18,13:30,14:30,60,cancelled,true,false,0,10,administrative,2026-01-19
BOOK-000713,ROOM-0023,SVC-009,2026-02-12,15:00,16:00,60,completed,false,false,15,15,administrative,2026-01-12
BOOK-000714,ROOM-0033,SVC-010,2026-02-16,16:30,17:30,60,completed,false,false,12,12,diagnostic,2026-01-15
BOOK-000715,ROOM-0020,SVC-011,2025-02-19,08:30,09:30,60,completed,false,false,12,13,therapy,2025-01-17
BOOK-000716,ROOM-0010,SVC-012,2024-09-05,11:30,12:30,60,completed,false,true,0,4,administrative,2024-08-02
BOOK-000717,ROOM-0007,SVC-001,2024-04-22,15:00,16:00,60,completed,false,false,3,5,clinic,2024-03-18
BOOK-000718,ROOM-0043,SVC-002,2026-03-19,15:00,16:00,60,completed,false,false,5,6,clinic,2026-02-11
BOOK-000719,ROOM-0009,SVC-003,2024-11-27,10:00,11:00,60,completed,false,false,8,8,diagnostic,2024-10-21
BOOK-000720,ROOM-0020,SVC-004,2024-05-22,11:30,12:30,60,completed,false,false,7,8,therapy,2024-04-14
BOOK-000721,ROOM-0005,SVC-005,2024-09-13,10:00,11:00,60,completed,false,false,11,12,administrative,2024-08-05
BOOK-000722,ROOM-0054,SVC-006,2025-11-07,15:00,16:00,60,completed,false,false,9,11,clinic,2025-09-28
BOOK-000723,ROOM-0001,SVC-007,2025-09-04,13:30,14:30,60,completed,false,false,11,11,clinic,2025-07-25
BOOK-000724,ROOM-0022,SVC-008,2025-05-28,08:30,09:30,60,completed,false,false,12,12,administrative,2025-05-14
BOOK-000725,ROOM-0035,SVC-009,2026-01-15,13:30,14:30,60,completed,false,false,13,15,administrative,2025-12-31
BOOK-000726,ROOM-0039,SVC-010,2025-04-18,10:00,11:00,60,completed,false,false,3,5,diagnostic,2025-04-02
BOOK-000727,ROOM-0044,SVC-011,2025-05-09,13:30,14:30,60,completed,false,false,4,6,therapy,2025-04-22
BOOK-000728,ROOM-0028,SVC-012,2025-08-21,10:00,11:00,60,completed,false,false,6,7,administrative,2025-08-03
BOOK-000729,ROOM-0007,SVC-001,2025-02-28,11:30,12:30,60,completed,false,false,7,9,clinic,2025-02-09
BOOK-000730,ROOM-0049,SVC-002,2024-08-15,13:30,14:30,60,cancelled,true,false,0,9,clinic,2024-07-26
BOOK-000731,ROOM-0039,SVC-003,2025-10-07,08:30,09:30,60,completed,false,false,10,10,diagnostic,2025-09-16
BOOK-000732,ROOM-0014,SVC-004,2024-07-15,15:00,16:00,60,completed,false,false,10,11,therapy,2024-06-23
BOOK-000733,ROOM-0005,SVC-005,2025-06-09,15:00,16:00,60,completed,false,false,11,12,administrative,2025-05-17
BOOK-000734,ROOM-0012,SVC-006,2024-05-02,15:00,16:00,60,completed,false,false,4,5,clinic,2024-04-08
BOOK-000735,ROOM-0043,SVC-007,2025-08-28,11:30,12:30,60,completed,false,false,5,5,clinic,2025-08-03
BOOK-000736,ROOM-0028,SVC-008,2025-07-08,11:30,12:30,60,completed,false,false,4,6,administrative,2025-06-12
BOOK-000737,ROOM-0023,SVC-009,2024-06-10,11:30,12:30,60,completed,false,false,15,15,administrative,2024-05-14
BOOK-000738,ROOM-0021,SVC-010,2025-02-13,16:30,17:30,60,cancelled,true,false,0,9,diagnostic,2025-01-16
BOOK-000739,ROOM-0050,SVC-011,2024-12-10,15:00,16:00,60,completed,false,false,9,10,therapy,2024-11-11
BOOK-000740,ROOM-0010,SVC-012,2024-09-24,11:30,12:30,60,completed,false,false,8,10,administrative,2024-08-25
BOOK-000741,ROOM-0055,SVC-001,2025-10-14,15:00,16:00,60,completed,false,false,11,11,clinic,2025-09-13
BOOK-000742,ROOM-0007,SVC-002,2026-01-29,11:30,12:30,60,completed,false,false,13,13,clinic,2025-12-28
BOOK-000743,ROOM-0045,SVC-003,2024-07-10,13:30,14:30,60,completed,false,false,2,4,diagnostic,2024-06-07
BOOK-000744,ROOM-0032,SVC-004,2024-08-07,16:30,17:30,60,completed,false,false,5,5,therapy,2024-07-04
BOOK-000745,ROOM-0035,SVC-005,2024-08-26,08:30,09:30,60,cancelled,true,false,0,12,administrative,2024-07-22
BOOK-000746,ROOM-0024,SVC-006,2024-12-26,16:30,17:30,60,cancelled,true,false,0,8,clinic,2024-11-20
BOOK-000747,ROOM-0037,SVC-007,2024-10-02,15:00,16:00,60,completed,false,true,0,8,clinic,2024-08-26
BOOK-000748,ROOM-0034,SVC-008,2024-08-14,13:30,14:30,60,completed,false,false,9,9,administrative,2024-07-07
BOOK-000749,ROOM-0053,SVC-009,2025-10-15,08:30,09:30,60,completed,false,false,15,15,administrative,2025-09-06
BOOK-000750,ROOM-0009,SVC-010,2025-10-29,10:00,11:00,60,completed,false,false,10,11,diagnostic,2025-09-19
BOOK-000751,ROOM-0056,SVC-011,2025-04-24,11:30,12:30,60,completed,false,false,10,12,therapy,2025-03-14
BOOK-000752,ROOM-0010,SVC-012,2024-12-23,16:30,17:30,60,completed,false,false,5,5,administrative,2024-12-09
BOOK-000753,ROOM-0037,SVC-001,2025-12-18,08:30,09:30,60,completed,false,true,0,6,clinic,2025-12-03
BOOK-000754,ROOM-0037,SVC-002,2024-12-27,10:00,11:00,60,completed,false,false,5,7,clinic,2024-12-11
BOOK-000755,ROOM-0051,SVC-003,2025-04-03,08:30,09:30,60,cancelled,true,false,0,7,diagnostic,2025-03-17
BOOK-000756,ROOM-0002,SVC-004,2025-09-09,08:30,09:30,60,completed,false,true,0,8,therapy,2025-08-22
BOOK-000757,ROOM-0047,SVC-005,2024-12-11,15:00,16:00,60,completed,false,false,11,12,administrative,2024-11-22
BOOK-000758,ROOM-0036,SVC-006,2025-08-19,10:00,11:00,60,completed,false,false,8,10,clinic,2025-07-30
BOOK-000759,ROOM-0025,SVC-007,2024-12-12,08:30,09:30,60,completed,false,true,0,12,clinic,2024-11-21
BOOK-000760,ROOM-0028,SVC-008,2025-02-06,13:30,14:30,60,cancelled,true,false,0,13,administrative,2025-01-15
BOOK-000761,ROOM-0023,SVC-009,2025-07-21,13:30,14:30,60,completed,false,false,13,15,administrative,2025-06-28
BOOK-000762,ROOM-0033,SVC-010,2024-05-23,11:30,12:30,60,completed,false,false,5,5,diagnostic,2024-04-29
BOOK-000763,ROOM-0026,SVC-011,2025-11-24,13:30,14:30,60,completed,false,false,5,7,therapy,2025-10-30
BOOK-000764,ROOM-0001,SVC-001,2026-03-18,13:30,14:30,60,completed,false,false,7,8,clinic,2026-02-19
BOOK-000765,ROOM-0025,SVC-002,2024-05-29,08:30,09:30,60,completed,false,false,8,9,clinic,2024-05-01
BOOK-000766,ROOM-0015,SVC-003,2024-10-03,08:30,09:30,60,cancelled,true,false,0,10,diagnostic,2024-09-04
BOOK-000767,ROOM-0050,SVC-004,2025-09-02,08:30,09:30,60,completed,false,false,10,11,therapy,2025-08-03
BOOK-000768,ROOM-0053,SVC-005,2024-05-20,13:30,14:30,60,completed,false,false,10,12,administrative,2024-04-19
BOOK-000769,ROOM-0024,SVC-006,2024-06-03,16:30,17:30,60,completed,false,false,5,5,clinic,2024-05-02
BOOK-000770,ROOM-0013,SVC-007,2024-09-24,13:30,14:30,60,completed,false,false,3,5,clinic,2024-08-22
BOOK-000771,ROOM-0052,SVC-008,2024-05-23,08:30,09:30,60,completed,false,false,6,6,administrative,2024-04-19
BOOK-000772,ROOM-0035,SVC-009,2024-12-17,11:30,12:30,60,completed,false,false,15,15,administrative,2024-11-12
BOOK-000773,ROOM-0051,SVC-010,2025-07-02,15:00,16:00,60,completed,false,false,6,8,diagnostic,2025-05-27
BOOK-000774,ROOM-0008,SVC-011,2025-09-24,10:00,11:00,60,completed,false,false,9,9,therapy,2025-08-18
BOOK-000775,ROOM-0040,SVC-012,2024-04-19,13:30,14:30,60,completed,false,false,10,10,administrative,2024-03-12
BOOK-000776,ROOM-0019,SVC-001,2024-12-27,08:30,09:30,60,completed,false,false,12,12,clinic,2024-11-18
BOOK-000777,ROOM-0043,SVC-002,2024-06-10,10:00,11:00,60,completed,false,false,10,12,clinic,2024-05-01
BOOK-000778,ROOM-0021,SVC-003,2024-04-01,08:30,09:30,60,completed,false,false,2,4,diagnostic,2024-02-20
BOOK-000779,ROOM-0032,SVC-004,2025-08-07,16:30,17:30,60,completed,false,true,0,5,therapy,2025-07-24
BOOK-000780,ROOM-0035,SVC-005,2026-03-04,10:00,11:00,60,completed,false,false,12,12,administrative,2026-02-17
BOOK-000781,ROOM-0006,SVC-006,2026-01-06,08:30,09:30,60,completed,false,false,6,8,clinic,2025-12-21
BOOK-000782,ROOM-0055,SVC-007,2024-09-13,13:30,14:30,60,completed,false,false,7,8,clinic,2024-08-27
BOOK-000783,ROOM-0004,SVC-008,2025-05-05,08:30,09:30,60,completed,false,false,9,9,administrative,2025-04-17
BOOK-000784,ROOM-0017,SVC-009,2025-07-14,13:30,14:30,60,completed,false,false,14,15,administrative,2025-06-25
BOOK-000785,ROOM-0039,SVC-010,2024-06-03,13:30,14:30,60,completed,false,false,10,11,diagnostic,2024-05-14
BOOK-000786,ROOM-0026,SVC-011,2026-02-06,08:30,09:30,60,completed,false,false,13,13,therapy,2026-01-16
BOOK-000787,ROOM-0016,SVC-012,2024-04-08,13:30,14:30,60,cancelled,true,false,0,4,administrative,2024-03-17
BOOK-000788,ROOM-0049,SVC-001,2025-11-11,16:30,17:30,60,completed,false,false,5,6,clinic,2025-10-19
BOOK-000789,ROOM-0043,SVC-002,2025-04-02,16:30,17:30,60,completed,false,false,5,6,clinic,2025-03-09
BOOK-000790,ROOM-0021,SVC-003,2025-03-21,16:30,17:30,60,completed,false,false,5,7,diagnostic,2025-02-24
BOOK-000791,ROOM-0002,SVC-004,2024-08-06,16:30,17:30,60,completed,false,false,8,8,therapy,2024-07-11
BOOK-000792,ROOM-0023,SVC-005,2024-12-16,15:00,16:00,60,completed,false,false,12,12,administrative,2024-11-19
BOOK-000793,ROOM-0024,SVC-006,2025-07-31,08:30,09:30,60,completed,false,false,9,10,clinic,2025-07-03
BOOK-000794,ROOM-0055,SVC-007,2025-12-26,08:30,09:30,60,completed,false,false,11,12,clinic,2025-11-27
BOOK-000795,ROOM-0046,SVC-008,2024-07-17,11:30,12:30,60,completed,false,false,12,12,administrative,2024-06-17
BOOK-000796,ROOM-0035,SVC-009,2024-07-05,13:30,14:30,60,completed,false,false,13,15,administrative,2024-06-04
BOOK-000797,ROOM-0021,SVC-010,2025-07-22,15:00,16:00,60,completed,false,false,5,5,diagnostic,2025-06-20
BOOK-000798,ROOM-0002,SVC-011,2024-11-21,13:30,14:30,60,cancelled,true,false,0,7,therapy,2024-10-19
BOOK-000799,ROOM-0028,SVC-012,2025-10-16,13:30,14:30,60,completed,false,false,7,7,administrative,2025-09-12
BOOK-000800,ROOM-0055,SVC-001,2024-09-10,13:30,14:30,60,completed,false,false,8,8,clinic,2024-08-06
BOOK-000801,ROOM-0013,SVC-002,2024-07-10,11:30,12:30,60,completed,false,false,8,9,clinic,2024-06-04
BOOK-000802,ROOM-0033,SVC-003,2025-01-31,13:30,14:30,60,completed,false,false,10,11,diagnostic,2024-12-25
BOOK-000803,ROOM-0044,SVC-004,2024-12-03,13:30,14:30,60,cancelled,true,false,0,12,therapy,2024-10-26
BOOK-000804,ROOM-0017,SVC-005,2024-08-23,08:30,09:30,60,completed,false,false,12,12,administrative,2024-07-15
BOOK-000805,ROOM-0054,SVC-006,2025-08-05,10:00,11:00,60,completed,false,false,3,5,clinic,2025-06-26
BOOK-000806,ROOM-0031,SVC-007,2024-09-09,13:30,14:30,60,completed,false,false,4,5,clinic,2024-07-30
BOOK-000807,ROOM-0052,SVC-008,2025-12-17,10:00,11:00,60,completed,false,false,6,7,administrative,2025-12-03
BOOK-000808,ROOM-0035,SVC-009,2026-01-05,13:30,14:30,60,completed,false,false,13,15,administrative,2025-12-21
BOOK-000809,ROOM-0027,SVC-010,2025-12-17,13:30,14:30,60,completed,false,false,7,9,diagnostic,2025-12-01
BOOK-000810,ROOM-0008,SVC-011,2025-07-14,16:30,17:30,60,completed,false,false,9,9,therapy,2025-06-27
BOOK-000811,ROOM-0010,SVC-012,2025-05-30,15:00,16:00,60,completed,false,false,8,10,administrative,2025-05-12
BOOK-000812,ROOM-0055,SVC-001,2025-11-24,16:30,17:30,60,completed,false,true,0,12,clinic,2025-11-05
BOOK-000813,ROOM-0025,SVC-002,2026-03-27,15:00,16:00,60,completed,false,false,10,12,clinic,2026-03-07
BOOK-000814,ROOM-0033,SVC-003,2025-08-19,15:00,16:00,60,completed,false,false,4,4,diagnostic,2025-07-29
BOOK-000815,ROOM-0038,SVC-004,2024-09-11,08:30,09:30,60,completed,false,false,4,5,therapy,2024-08-20
BOOK-000816,ROOM-0047,SVC-005,2025-10-03,11:30,12:30,60,completed,false,false,12,12,administrative,2025-09-10
BOOK-000817,ROOM-0030,SVC-006,2024-07-02,08:30,09:30,60,completed,false,false,6,7,clinic,2024-06-08
BOOK-000818,ROOM-0013,SVC-007,2024-05-20,16:30,17:30,60,completed,false,false,6,8,clinic,2024-04-25
BOOK-000819,ROOM-0046,SVC-008,2025-06-05,10:00,11:00,60,completed,false,false,8,9,administrative,2025-05-10
BOOK-000820,ROOM-0005,SVC-009,2025-09-05,16:30,17:30,60,completed,false,false,13,15,administrative,2025-08-09
BOOK-000821,ROOM-0003,SVC-010,2025-07-29,15:00,16:00,60,completed,false,false,10,11,diagnostic,2025-07-01
BOOK-000822,ROOM-0014,SVC-011,2024-12-31,15:00,16:00,60,completed,false,false,12,13,therapy,2024-12-02
BOOK-000823,ROOM-0028,SVC-012,2025-08-05,10:00,11:00,60,completed,false,false,2,4,administrative,2025-07-06
BOOK-000824,ROOM-0037,SVC-001,2025-10-17,15:00,16:00,60,completed,false,false,3,5,clinic,2025-09-16
BOOK-000825,ROOM-0025,SVC-002,2025-10-24,16:30,17:30,60,completed,false,false,6,6,clinic,2025-09-22
BOOK-000826,ROOM-0015,SVC-003,2025-08-13,15:00,16:00,60,completed,false,false,7,7,diagnostic,2025-07-11
BOOK-000827,ROOM-0050,SVC-004,2025-01-17,15:00,16:00,60,completed,false,false,7,9,therapy,2024-12-14
BOOK-000828,ROOM-0035,SVC-005,2026-03-09,10:00,11:00,60,completed,false,false,12,12,administrative,2026-02-02
BOOK-000829,ROOM-0006,SVC-006,2026-01-19,08:30,09:30,60,completed,false,false,10,11,clinic,2025-12-14
BOOK-000830,ROOM-0007,SVC-007,2024-11-21,16:30,17:30,60,completed,false,false,12,12,clinic,2024-10-15
BOOK-000831,ROOM-0022,SVC-008,2024-05-10,08:30,09:30,60,completed,false,true,0,12,administrative,2024-04-02
BOOK-000832,ROOM-0047,SVC-009,2025-12-24,11:30,12:30,60,completed,false,false,13,15,administrative,2025-11-15
BOOK-000833,ROOM-0021,SVC-010,2025-10-02,10:00,11:00,60,completed,false,false,3,5,diagnostic,2025-08-23
BOOK-000834,ROOM-0038,SVC-011,2025-11-04,13:30,14:30,60,completed,false,false,5,7,therapy,2025-09-24
BOOK-000835,ROOM-0034,SVC-012,2024-04-29,13:30,14:30,60,completed,false,false,7,7,administrative,2024-04-15
BOOK-000836,ROOM-0043,SVC-001,2025-10-24,15:00,16:00,60,completed,false,false,6,8,clinic,2025-10-09
BOOK-000837,ROOM-0043,SVC-002,2025-12-03,10:00,11:00,60,completed,false,false,8,10,clinic,2025-11-17
BOOK-000838,ROOM-0021,SVC-003,2024-09-23,16:30,17:30,60,completed,false,false,9,10,diagnostic,2024-09-06
BOOK-000839,ROOM-0026,SVC-004,2025-01-07,15:00,16:00,60,completed,false,false,12,12,therapy,2024-12-20
BOOK-000840,ROOM-0041,SVC-005,2025-08-12,08:30,09:30,60,completed,false,false,10,12,administrative,2025-07-24
BOOK-000841,ROOM-0006,SVC-006,2025-10-10,13:30,14:30,60,completed,false,false,4,5,clinic,2025-09-20
BOOK-000842,ROOM-0043,SVC-007,2024-08-13,11:30,12:30,60,completed,false,false,4,5,clinic,2024-07-23
BOOK-000843,ROOM-0022,SVC-008,2024-05-22,08:30,09:30,60,completed,false,false,6,6,administrative,2024-04-30
BOOK-000844,ROOM-0047,SVC-009,2026-03-05,16:30,17:30,60,completed,false,false,15,15,administrative,2026-02-10
BOOK-000845,ROOM-0009,SVC-010,2024-12-20,13:30,14:30,60,completed,false,true,0,9,diagnostic,2024-11-26
BOOK-000846,ROOM-0050,SVC-011,2025-01-06,16:30,17:30,60,completed,false,false,9,10,therapy,2024-12-12
BOOK-000847,ROOM-0046,SVC-012,2024-12-16,16:30,17:30,60,cancelled,true,false,0,11,administrative,2024-11-20
BOOK-000848,ROOM-0031,SVC-001,2026-03-16,13:30,14:30,60,cancelled,true,false,0,11,clinic,2026-02-17
BOOK-000849,ROOM-0001,SVC-002,2025-02-04,13:30,14:30,60,completed,false,false,12,13,clinic,2025-01-07
BOOK-000850,ROOM-0045,SVC-003,2025-01-08,13:30,14:30,60,completed,false,false,4,5,diagnostic,2024-12-10
BOOK-000851,ROOM-0026,SVC-004,2025-09-24,08:30,09:30,60,completed,false,false,4,5,therapy,2025-08-25
BOOK-000852,ROOM-0029,SVC-005,2024-05-29,13:30,14:30,60,completed,false,false,11,12,administrative,2024-04-28
BOOK-000853,ROOM-0024,SVC-006,2025-05-19,15:00,16:00,60,completed,false,false,6,7,clinic,2025-04-17
BOOK-000854,ROOM-0049,SVC-007,2025-05-21,16:30,17:30,60,completed,false,false,7,8,clinic,2025-04-18
BOOK-000855,ROOM-0016,SVC-008,2025-06-24,10:00,11:00,60,completed,false,false,7,9,administrative,2025-05-21
BOOK-000856,ROOM-0047,SVC-009,2024-07-03,13:30,14:30,60,completed,false,false,13,15,administrative,2024-05-29
BOOK-000857,ROOM-0003,SVC-010,2024-08-19,16:30,17:30,60,completed,false,false,11,11,diagnostic,2024-07-14
BOOK-000858,ROOM-0032,SVC-011,2025-04-03,11:30,12:30,60,completed,false,false,10,12,therapy,2025-02-25
BOOK-000859,ROOM-0052,SVC-012,2025-09-17,11:30,12:30,60,completed,false,true,0,4,administrative,2025-08-10
BOOK-000860,ROOM-0055,SVC-001,2025-05-08,16:30,17:30,60,completed,false,false,3,5,clinic,2025-03-30
BOOK-000861,ROOM-0025,SVC-002,2024-07-12,11:30,12:30,60,completed,false,false,6,6,clinic,2024-06-02
BOOK-000862,ROOM-0051,SVC-003,2025-01-23,13:30,14:30,60,cancelled,true,false,0,8,diagnostic,2024-12-13
BOOK-000863,ROOM-0008,SVC-004,2024-07-26,15:00,16:00,60,completed,false,false,6,8,therapy,2024-07-12
BOOK-000864,ROOM-0005,SVC-005,2025-11-20,13:30,14:30,60,completed,false,false,11,12,administrative,2025-11-05
BOOK-000865,ROOM-0024,SVC-006,2025-10-10,13:30,14:30,60,completed,false,false,10,10,clinic,2025-09-24
BOOK-000866,ROOM-0037,SVC-007,2025-01-21,10:00,11:00,60,completed,false,false,10,12,clinic,2025-01-04
BOOK-000867,ROOM-0046,SVC-008,2024-05-10,08:30,09:30,60,completed,false,false,11,12,administrative,2024-04-22
BOOK-000868,ROOM-0005,SVC-009,2025-10-07,08:30,09:30,60,completed,false,false,13,15,administrative,2025-09-18
BOOK-000869,ROOM-0039,SVC-010,2025-05-16,11:30,12:30,60,cancelled,true,false,0,5,diagnostic,2025-04-26
BOOK-000870,ROOM-0008,SVC-011,2025-06-25,15:00,16:00,60,completed,false,false,4,6,therapy,2025-06-04
BOOK-000871,ROOM-0052,SVC-012,2025-12-30,16:30,17:30,60,completed,false,false,6,8,administrative,2025-12-08
BOOK-000872,ROOM-0019,SVC-001,2024-09-12,13:30,14:30,60,completed,false,false,7,8,clinic,2024-08-20
BOOK-000873,ROOM-0007,SVC-002,2024-11-07,08:30,09:30,60,completed,false,false,9,10,clinic,2024-10-14
BOOK-000874,ROOM-0021,SVC-003,2025-10-14,08:30,09:30,60,completed,false,false,8,10,diagnostic,2025-09-19
BOOK-000875,ROOM-0050,SVC-004,2024-11-14,11:30,12:30,60,completed,false,false,10,12,therapy,2024-10-19
BOOK-000876,ROOM-0005,SVC-005,2025-05-30,13:30,14:30,60,completed,false,false,12,12,administrative,2025-05-03
BOOK-000877,ROOM-0042,SVC-006,2024-05-15,15:00,16:00,60,completed,false,false,5,5,clinic,2024-04-17
BOOK-000878,ROOM-0013,SVC-007,2025-03-10,13:30,14:30,60,completed,false,false,5,5,clinic,2025-02-09
BOOK-000879,ROOM-0052,SVC-008,2026-03-16,15:00,16:00,60,completed,false,false,6,6,administrative,2026-02-14
BOOK-000880,ROOM-0029,SVC-009,2024-08-02,15:00,16:00,60,completed,false,false,15,15,administrative,2024-07-02
BOOK-000881,ROOM-0027,SVC-010,2025-01-06,15:00,16:00,60,completed,false,false,8,9,diagnostic,2024-12-05
BOOK-000882,ROOM-0032,SVC-011,2025-06-13,15:00,16:00,60,completed,false,false,9,9,therapy,2025-05-11
BOOK-000883,ROOM-0046,SVC-012,2025-04-23,13:30,14:30,60,completed,false,false,8,10,administrative,2025-03-20
BOOK-000884,ROOM-0049,SVC-001,2024-06-20,08:30,09:30,60,completed,false,false,9,11,clinic,2024-05-16
BOOK-000885,ROOM-0019,SVC-002,2026-03-17,15:00,16:00,60,cancelled,true,false,0,12,clinic,2026-02-09
BOOK-000886,ROOM-0033,SVC-003,2025-04-25,08:30,09:30,60,completed,false,false,3,4,diagnostic,2025-03-19
BOOK-000887,ROOM-0056,SVC-004,2025-08-18,16:30,17:30,60,completed,false,false,4,5,therapy,2025-07-11
BOOK-000888,ROOM-0005,SVC-005,2024-08-07,08:30,09:30,60,completed,false,false,11,12,administrative,2024-06-29
BOOK-000889,ROOM-0054,SVC-006,2024-05-10,15:00,16:00,60,completed,false,false,5,7,clinic,2024-03-31
BOOK-000890,ROOM-0031,SVC-007,2025-09-11,13:30,14:30,60,completed,false,false,7,8,clinic,2025-08-01
BOOK-000891,ROOM-0034,SVC-008,2025-01-13,11:30,12:30,60,completed,false,false,9,10,administrative,2024-12-30
BOOK-000892,ROOM-0035,SVC-009,2024-08-16,15:00,16:00,60,completed,false,false,14,15,administrative,2024-08-01
BOOK-000893,ROOM-0051,SVC-010,2025-03-28,08:30,09:30,60,completed,false,false,9,11,diagnostic,2025-03-12
BOOK-000894,ROOM-0014,SVC-011,2024-09-26,10:00,11:00,60,completed,false,false,12,12,therapy,2024-09-09
BOOK-000895,ROOM-0004,SVC-012,2024-07-18,08:30,09:30,60,completed,false,true,0,4,administrative,2024-06-30
BOOK-000896,ROOM-0043,SVC-001,2025-11-18,16:30,17:30,60,completed,false,false,5,6,clinic,2025-10-30
BOOK-000897,ROOM-0001,SVC-002,2024-10-18,16:30,17:30,60,completed,false,false,5,6,clinic,2024-09-28
BOOK-000898,ROOM-0027,SVC-003,2025-06-30,11:30,12:30,60,completed,false,false,7,7,diagnostic,2025-06-09
BOOK-000899,ROOM-0044,SVC-004,2025-11-20,11:30,12:30,60,cancelled,true,false,0,9,therapy,2025-10-29
BOOK-000900,ROOM-0017,SVC-005,2024-11-11,13:30,14:30,60,completed,false,false,10,12,administrative,2024-10-19
BOOK-000901,ROOM-0036,SVC-006,2025-12-04,16:30,17:30,60,completed,false,false,11,11,clinic,2025-11-10
BOOK-000902,ROOM-0007,SVC-007,2025-06-17,08:30,09:30,60,completed,false,false,9,11,clinic,2025-05-23
BOOK-000903,ROOM-0028,SVC-008,2025-04-21,16:30,17:30,60,completed,false,false,10,12,administrative,2025-03-26
BOOK-000904,ROOM-0005,SVC-009,2025-06-30,11:30,12:30,60,completed,false,false,14,15,administrative,2025-06-03
BOOK-000905,ROOM-0021,SVC-010,2025-06-26,13:30,14:30,60,completed,false,false,5,5,diagnostic,2025-05-29
BOOK-000906,ROOM-0032,SVC-011,2025-11-25,13:30,14:30,60,completed,false,false,7,7,therapy,2025-10-27
BOOK-000907,ROOM-0022,SVC-012,2024-11-13,15:00,16:00,60,completed,false,false,6,8,administrative,2024-10-14
BOOK-000908,ROOM-0013,SVC-001,2024-07-17,10:00,11:00,60,cancelled,true,false,0,8,clinic,2024-06-16
BOOK-000909,ROOM-0025,SVC-002,2026-02-06,13:30,14:30,60,completed,false,false,9,10,clinic,2026-01-05
BOOK-000910,ROOM-0051,SVC-003,2025-02-20,15:00,16:00,60,completed,false,false,11,11,diagnostic,2025-01-18
BOOK-000911,ROOM-0008,SVC-004,2025-06-04,13:30,14:30,60,completed,false,false,11,11,therapy,2025-05-01
BOOK-000912,ROOM-0017,SVC-005,2025-01-14,16:30,17:30,60,cancelled,true,false,0,13,administrative,2024-12-10
BOOK-000913,ROOM-0012,SVC-006,2024-11-26,15:00,16:00,60,completed,false,false,5,5,clinic,2024-10-21
BOOK-000914,ROOM-0031,SVC-007,2026-01-02,10:00,11:00,60,completed,false,false,5,6,clinic,2025-11-26
BOOK-000915,ROOM-0046,SVC-008,2025-04-10,16:30,17:30,60,cancelled,true,false,0,6,administrative,2025-03-03
BOOK-000916,ROOM-0041,SVC-009,2024-10-22,08:30,09:30,60,completed,false,false,13,15,administrative,2024-09-13
BOOK-000917,ROOM-0033,SVC-010,2024-08-05,16:30,17:30,60,completed,false,false,6,8,diagnostic,2024-06-26
BOOK-000918,ROOM-0020,SVC-011,2025-12-31,15:00,16:00,60,completed,false,false,9,10,therapy,2025-11-20
BOOK-000919,ROOM-0007,SVC-001,2025-12-02,08:30,09:30,60,completed,false,false,12,12,clinic,2025-11-17
BOOK-000920,ROOM-0031,SVC-002,2025-05-16,08:30,09:30,60,completed,false,false,10,12,clinic,2025-04-30
BOOK-000921,ROOM-0033,SVC-003,2024-11-05,10:00,11:00,60,completed,false,false,4,5,diagnostic,2024-10-19
BOOK-000922,ROOM-0008,SVC-004,2025-09-25,08:30,09:30,60,cancelled,true,false,0,5,therapy,2025-09-07
BOOK-000923,ROOM-0041,SVC-005,2024-10-11,11:30,12:30,60,completed,false,false,10,12,administrative,2024-09-22
BOOK-000924,ROOM-0030,SVC-006,2025-05-02,15:00,16:00,60,completed,false,false,7,7,clinic,2025-04-12
BOOK-000925,ROOM-0049,SVC-007,2025-11-04,16:30,17:30,60,completed,false,false,8,9,clinic,2025-10-14
BOOK-000926,ROOM-0022,SVC-008,2025-03-14,15:00,16:00,60,completed,false,false,8,9,administrative,2025-02-20
BOOK-000927,ROOM-0023,SVC-009,2025-01-06,13:30,14:30,60,completed,false,false,15,15,administrative,2024-12-14
BOOK-000928,ROOM-0003,SVC-010,2025-01-03,15:00,16:00,60,completed,false,true,0,12,diagnostic,2024-12-10
BOOK-000929,ROOM-0038,SVC-011,2024-12-25,15:00,16:00,60,cancelled,true,false,0,13,therapy,2024-11-30
BOOK-000930,ROOM-0046,SVC-012,2024-08-20,10:00,11:00,60,completed,false,false,2,4,administrative,2024-07-25
BOOK-000931,ROOM-0031,SVC-001,2024-11-04,16:30,17:30,60,completed,false,false,4,6,clinic,2024-10-08
BOOK-000932,ROOM-0031,SVC-002,2024-07-25,11:30,12:30,60,completed,false,false,6,6,clinic,2024-06-27
BOOK-000933,ROOM-0015,SVC-003,2026-03-30,16:30,17:30,60,completed,false,false,7,7,diagnostic,2026-03-01
BOOK-000934,ROOM-0050,SVC-004,2024-07-12,15:00,16:00,60,completed,false,false,6,8,therapy,2024-06-12
BOOK-000935,ROOM-0011,SVC-005,2025-04-03,11:30,12:30,60,completed,false,false,12,12,administrative,2025-03-03
BOOK-000936,ROOM-0030,SVC-006,2025-06-23,16:30,17:30,60,cancelled,true,false,0,10,clinic,2025-05-22
BOOK-000937,ROOM-0055,SVC-007,2025-02-03,11:30,12:30,60,completed,false,false,12,12,clinic,2025-01-01
BOOK-000938,ROOM-0052,SVC-008,2024-11-13,08:30,09:30,60,completed,false,false,12,13,administrative,2024-10-10
BOOK-000939,ROOM-0011,SVC-009,2024-08-29,15:00,16:00,60,completed,false,false,14,15,administrative,2024-07-25
BOOK-000940,ROOM-0033,SVC-010,2026-03-10,08:30,09:30,60,completed,false,false,3,5,diagnostic,2026-02-02
BOOK-000941,ROOM-0020,SVC-011,2024-07-22,16:30,17:30,60,completed,false,false,6,6,therapy,2024-06-15
BOOK-000942,ROOM-0046,SVC-012,2024-09-18,11:30,12:30,60,completed,false,false,7,7,administrative,2024-08-11
BOOK-000943,ROOM-0043,SVC-001,2025-08-29,11:30,12:30,60,completed,false,false,8,8,clinic,2025-07-21
BOOK-000944,ROOM-0043,SVC-002,2024-04-08,16:30,17:30,60,completed,false,false,9,9,clinic,2024-02-28
BOOK-000945,ROOM-0021,SVC-003,2024-08-16,15:00,16:00,60,completed,false,false,10,10,diagnostic,2024-07-06
BOOK-000946,ROOM-0002,SVC-004,2024-12-25,13:30,14:30,60,completed,false,false,12,12,therapy,2024-12-11
BOOK-000947,ROOM-0047,SVC-005,2025-12-09,15:00,16:00,60,completed,false,false,12,13,administrative,2025-11-24
BOOK-000948,ROOM-0042,SVC-006,2025-06-11,16:30,17:30,60,completed,false,true,0,5,clinic,2025-05-26
BOOK-000949,ROOM-0007,SVC-007,2025-11-18,16:30,17:30,60,completed,false,false,5,6,clinic,2025-11-01
BOOK-000950,ROOM-0052,SVC-008,2024-10-02,16:30,17:30,60,completed,false,false,4,6,administrative,2024-09-14
BOOK-000951,ROOM-0053,SVC-009,2026-02-11,15:00,16:00,60,completed,false,false,13,15,administrative,2026-01-23
BOOK-000952,ROOM-0045,SVC-010,2025-09-02,08:30,09:30,60,completed,false,false,6,8,diagnostic,2025-08-13
BOOK-000953,ROOM-0044,SVC-011,2025-12-16,15:00,16:00,60,completed,false,false,8,10,therapy,2025-11-25
BOOK-000954,ROOM-0040,SVC-012,2025-07-14,08:30,09:30,60,completed,false,false,8,10,administrative,2025-06-22
BOOK-000955,ROOM-0043,SVC-001,2026-02-04,11:30,12:30,60,completed,false,false,12,12,clinic,2026-01-12
BOOK-000956,ROOM-0025,SVC-002,2024-07-22,11:30,12:30,60,completed,false,false,10,12,clinic,2024-06-28
BOOK-000957,ROOM-0039,SVC-003,2025-01-23,13:30,14:30,60,completed,false,false,5,5,diagnostic,2024-12-29
BOOK-000958,ROOM-0020,SVC-004,2025-01-08,15:00,16:00,60,completed,false,true,0,6,therapy,2024-12-13
BOOK-000959,ROOM-0029,SVC-005,2024-10-16,11:30,12:30,60,completed,false,false,10,12,administrative,2024-09-19
BOOK-000960,ROOM-0012,SVC-006,2024-04-01,13:30,14:30,60,completed,false,false,7,7,clinic,2024-03-04
BOOK-000961,ROOM-0031,SVC-007,2024-10-23,15:00,16:00,60,completed,false,false,8,8,clinic,2024-09-24
BOOK-000962,ROOM-0040,SVC-008,2025-01-28,11:30,12:30,60,completed,false,false,10,10,administrative,2024-12-29
BOOK-000963,ROOM-0041,SVC-009,2026-02-25,15:00,16:00,60,completed,false,false,14,15,administrative,2026-01-25
BOOK-000964,ROOM-0027,SVC-010,2025-10-16,10:00,11:00,60,completed,false,false,9,11,diagnostic,2025-09-14
BOOK-000965,ROOM-0032,SVC-011,2025-05-28,13:30,14:30,60,completed,false,false,10,12,therapy,2025-04-25
BOOK-000966,ROOM-0004,SVC-012,2025-12-31,16:30,17:30,60,completed,false,false,3,5,administrative,2025-11-27
BOOK-000967,ROOM-0031,SVC-001,2025-01-21,10:00,11:00,60,completed,false,false,5,6,clinic,2024-12-17
BOOK-000968,ROOM-0049,SVC-002,2025-04-10,16:30,17:30,60,completed,false,false,6,6,clinic,2025-03-05
BOOK-000969,ROOM-0033,SVC-003,2024-05-29,10:00,11:00,60,completed,false,false,5,7,diagnostic,2024-04-22
BOOK-000970,ROOM-0038,SVC-004,2024-05-16,11:30,12:30,60,completed,false,false,6,8,therapy,2024-04-08
BOOK-000971,ROOM-0029,SVC-005,2025-04-28,11:30,12:30,60,completed,false,true,0,12,administrative,2025-03-20
BOOK-000972,ROOM-0024,SVC-006,2025-05-27,15:00,16:00,60,completed,false,true,0,10,clinic,2025-04-17
BOOK-000973,ROOM-0043,SVC-007,2025-09-12,13:30,14:30,60,completed,false,false,11,11,clinic,2025-08-02
BOOK-000974,ROOM-0046,SVC-008,2025-01-06,11:30,12:30,60,completed,false,false,11,13,administrative,2024-12-23
BOOK-000975,ROOM-0011,SVC-009,2026-01-05,13:30,14:30,60,completed,false,false,14,15,administrative,2025-12-21
BOOK-000976,ROOM-0003,SVC-010,2025-07-16,15:00,16:00,60,completed,false,false,5,5,diagnostic,2025-06-30
BOOK-000977,ROOM-0044,SVC-011,2025-12-12,15:00,16:00,60,completed,false,false,7,7,therapy,2025-11-25
BOOK-000978,ROOM-0028,SVC-012,2025-05-06,15:00,16:00,60,completed,false,false,7,7,administrative,2025-04-18
BOOK-000979,ROOM-0049,SVC-001,2025-02-21,11:30,12:30,60,completed,false,false,8,9,clinic,2025-02-02
BOOK-000980,ROOM-0001,SVC-002,2024-08-30,13:30,14:30,60,completed,false,false,8,9,clinic,2024-08-10
BOOK-000981,ROOM-0051,SVC-003,2025-10-10,08:30,09:30,60,completed,false,false,10,10,diagnostic,2025-09-19
BOOK-000982,ROOM-0044,SVC-004,2024-08-01,16:30,17:30,60,cancelled,true,false,0,11,therapy,2024-07-10
BOOK-000983,ROOM-0047,SVC-005,2026-01-07,16:30,17:30,60,completed,false,false,13,13,administrative,2025-12-15
BOOK-000984,ROOM-0036,SVC-006,2025-09-10,11:30,12:30,60,completed,false,false,4,5,clinic,2025-08-17
BOOK-000985,ROOM-0001,SVC-007,2026-02-18,11:30,12:30,60,completed,false,false,6,6,clinic,2026-01-24
BOOK-000986,ROOM-0004,SVC-008,2024-07-24,11:30,12:30,60,cancelled,true,false,0,6,administrative,2024-06-28
BOOK-000987,ROOM-0005,SVC-009,2025-02-25,15:00,16:00,60,completed,false,false,14,15,administrative,2025-01-29
BOOK-000988,ROOM-0021,SVC-010,2025-05-20,11:30,12:30,60,completed,false,false,6,8,diagnostic,2025-04-22
BOOK-000989,ROOM-0014,SVC-011,2026-01-30,16:30,17:30,60,completed,false,false,9,10,therapy,2026-01-01
BOOK-000990,ROOM-0016,SVC-012,2025-01-13,08:30,09:30,60,cancelled,true,false,0,11,administrative,2024-12-14
BOOK-000991,ROOM-0055,SVC-001,2025-03-03,13:30,14:30,60,completed,false,false,9,11,clinic,2025-01-31
BOOK-000992,ROOM-0025,SVC-002,2024-11-01,08:30,09:30,60,completed,false,false,12,13,clinic,2024-09-30
BOOK-000993,ROOM-0027,SVC-003,2024-08-21,15:00,16:00,60,completed,false,false,3,4,diagnostic,2024-07-19
BOOK-000994,ROOM-0014,SVC-004,2025-04-04,10:00,11:00,60,completed,false,false,3,5,therapy,2025-03-01
BOOK-000995,ROOM-0023,SVC-005,2025-08-27,08:30,09:30,60,completed,false,false,11,12,administrative,2025-07-23
BOOK-000996,ROOM-0054,SVC-006,2024-08-16,10:00,11:00,60,completed,false,false,7,7,clinic,2024-07-11
BOOK-000997,ROOM-0055,SVC-007,2024-05-29,16:30,17:30,60,cancelled,true,false,0,8,clinic,2024-04-22
BOOK-000998,ROOM-0010,SVC-008,2024-04-03,16:30,17:30,60,completed,false,false,7,9,administrative,2024-02-25
BOOK-000999,ROOM-0017,SVC-009,2025-04-24,08:30,09:30,60,completed,false,false,13,15,administrative,2025-03-16
BOOK-001000,ROOM-0009,SVC-010,2024-04-17,10:00,11:00,60,completed,false,false,11,11,diagnostic,2024-03-08
BOOK-001001,ROOM-0026,SVC-011,2025-04-25,11:30,12:30,60,completed,false,false,10,12,therapy,2025-03-15
BOOK-001002,ROOM-0040,SVC-012,2024-12-12,16:30,17:30,60,completed,false,false,3,5,administrative,2024-11-28
BOOK-001003,ROOM-0001,SVC-002,2024-06-19,10:00,11:00,60,completed,false,false,6,6,clinic,2024-06-03
BOOK-001004,ROOM-0038,SVC-004,2025-06-05,13:30,14:30,60,completed,false,false,6,8,therapy,2025-05-18
BOOK-001005,ROOM-0023,SVC-005,2025-11-11,13:30,14:30,60,completed,false,false,11,12,administrative,2025-10-23
BOOK-001006,ROOM-0006,SVC-006,2026-01-20,08:30,09:30,60,completed,false,false,10,11,clinic,2025-12-31
BOOK-001007,ROOM-0043,SVC-007,2025-12-18,08:30,09:30,60,completed,false,false,10,12,clinic,2025-11-27
BOOK-001008,ROOM-0040,SVC-008,2024-06-05,10:00,11:00,60,completed,false,false,12,12,administrative,2024-05-14
BOOK-001009,ROOM-0053,SVC-009,2024-05-27,10:00,11:00,60,completed,false,false,15,15,administrative,2024-05-04
BOOK-001010,ROOM-0045,SVC-010,2024-09-18,08:30,09:30,60,completed,false,false,3,5,diagnostic,2024-08-25
BOOK-001011,ROOM-0020,SVC-011,2024-06-12,15:00,16:00,60,completed,false,false,4,6,therapy,2024-05-18
BOOK-001012,ROOM-0034,SVC-012,2026-02-09,10:00,11:00,60,cancelled,true,false,0,8,administrative,2026-01-14
BOOK-001013,ROOM-0013,SVC-001,2025-01-13,10:00,11:00,60,completed,false,false,9,9,clinic,2024-12-17
BOOK-001014,ROOM-0025,SVC-002,2026-02-05,13:30,14:30,60,completed,false,true,0,10,clinic,2026-01-08
BOOK-001015,ROOM-0039,SVC-003,2024-11-11,10:00,11:00,60,completed,false,false,10,11,diagnostic,2024-10-13
BOOK-001016,ROOM-0008,SVC-004,2025-03-31,08:30,09:30,60,cancelled,true,false,0,11,therapy,2025-03-01
BOOK-001017,ROOM-0023,SVC-005,2025-06-05,15:00,16:00,60,completed,false,false,11,12,administrative,2025-05-05
BOOK-001018,ROOM-0012,SVC-006,2024-10-04,13:30,14:30,60,completed,false,false,4,5,clinic,2024-09-02
BOOK-001019,ROOM-0043,SVC-007,2026-02-06,11:30,12:30,60,completed,false,false,4,6,clinic,2026-01-04
BOOK-001020,ROOM-0052,SVC-008,2025-01-10,11:30,12:30,60,completed,false,false,7,7,administrative,2024-12-07
BOOK-001021,ROOM-0041,SVC-009,2025-08-08,15:00,16:00,60,cancelled,true,false,0,15,administrative,2025-07-04
BOOK-001022,ROOM-0051,SVC-010,2026-02-18,16:30,17:30,60,completed,false,false,7,9,diagnostic,2026-01-13
BOOK-001023,ROOM-0008,SVC-011,2025-05-27,13:30,14:30,60,completed,false,false,7,9,therapy,2025-04-20
BOOK-001024,ROOM-0028,SVC-012,2024-12-31,16:30,17:30,60,completed,false,false,9,11,administrative,2024-11-23
BOOK-001025,ROOM-0043,SVC-001,2026-01-22,10:00,11:00,60,completed,false,false,10,12,clinic,2025-12-14
BOOK-001026,ROOM-0043,SVC-002,2024-06-03,10:00,11:00,60,completed,false,false,11,12,clinic,2024-04-24
BOOK-001027,ROOM-0015,SVC-003,2024-12-10,11:30,12:30,60,completed,false,false,3,5,diagnostic,2024-10-30
BOOK-001028,ROOM-0026,SVC-004,2025-03-07,08:30,09:30,60,completed,false,false,5,5,therapy,2025-02-21
BOOK-001029,ROOM-0029,SVC-005,2025-05-09,13:30,14:30,60,completed,false,false,12,12,administrative,2025-04-24
BOOK-001030,ROOM-0042,SVC-006,2024-07-09,08:30,09:30,60,completed,false,true,0,7,clinic,2024-06-23
BOOK-001031,ROOM-0043,SVC-007,2025-08-14,11:30,12:30,60,completed,false,false,6,8,clinic,2025-07-28
BOOK-001032,ROOM-0010,SVC-008,2025-02-13,13:30,14:30,60,completed,false,false,9,10,administrative,2025-01-26
BOOK-001033,ROOM-0005,SVC-009,2024-04-22,08:30,09:30,60,cancelled,true,false,0,15,administrative,2024-04-03
BOOK-001034,ROOM-0003,SVC-010,2026-03-24,08:30,09:30,60,completed,false,false,11,11,diagnostic,2026-03-04
BOOK-001035,ROOM-0056,SVC-011,2025-04-07,11:30,12:30,60,completed,false,true,0,12,therapy,2025-03-17
BOOK-001036,ROOM-0019,SVC-001,2024-09-30,13:30,14:30,60,completed,false,false,4,5,clinic,2024-09-07
BOOK-001037,ROOM-0019,SVC-002,2024-05-20,08:30,09:30,60,completed,false,false,6,6,clinic,2024-04-26
BOOK-001038,ROOM-0033,SVC-003,2024-09-17,16:30,17:30,60,completed,false,true,0,7,diagnostic,2024-08-23
BOOK-001039,ROOM-0050,SVC-004,2024-10-23,10:00,11:00,60,completed,false,false,8,8,therapy,2024-09-27
BOOK-001040,ROOM-0029,SVC-005,2024-11-07,13:30,14:30,60,completed,false,false,11,12,administrative,2024-10-11
BOOK-001041,ROOM-0036,SVC-006,2025-02-25,10:00,11:00,60,completed,false,false,11,11,clinic,2025-01-28
BOOK-001042,ROOM-0049,SVC-007,2025-07-07,10:00,11:00,60,completed,false,false,11,11,clinic,2025-06-08
BOOK-001043,ROOM-0028,SVC-008,2026-03-19,15:00,16:00,60,completed,false,false,10,12,administrative,2026-02-17
BOOK-001044,ROOM-0041,SVC-009,2024-12-24,11:30,12:30,60,cancelled,true,false,0,15,administrative,2024-11-23
BOOK-001045,ROOM-0033,SVC-010,2024-06-17,13:30,14:30,60,completed,false,false,3,5,diagnostic,2024-05-16
BOOK-001046,ROOM-0020,SVC-011,2026-02-23,08:30,09:30,60,completed,false,true,0,7,therapy,2026-01-21
BOOK-001047,ROOM-0028,SVC-012,2025-06-17,16:30,17:30,60,completed,false,false,7,7,administrative,2025-05-14
BOOK-001048,ROOM-0001,SVC-001,2025-09-01,13:30,14:30,60,completed,false,false,7,8,clinic,2025-07-28
BOOK-001049,ROOM-0043,SVC-002,2024-04-26,16:30,17:30,60,cancelled,true,false,0,9,clinic,2024-03-21
BOOK-001050,ROOM-0015,SVC-003,2025-10-01,08:30,09:30,60,completed,false,false,8,10,diagnostic,2025-08-25
BOOK-001051,ROOM-0044,SVC-004,2025-07-09,15:00,16:00,60,completed,false,false,9,11,therapy,2025-06-01
BOOK-001052,ROOM-0011,SVC-005,2024-11-07,13:30,14:30,60,completed,false,false,13,13,administrative,2024-09-29
BOOK-001053,ROOM-0036,SVC-006,2025-06-19,16:30,17:30,60,completed,false,false,4,5,clinic,2025-05-10
BOOK-001054,ROOM-0043,SVC-007,2024-11-12,16:30,17:30,60,cancelled,true,false,0,6,clinic,2024-10-02
BOOK-001055,ROOM-0034,SVC-008,2025-09-26,15:00,16:00,60,completed,false,false,6,6,administrative,2025-09-12
BOOK-001056,ROOM-0023,SVC-009,2025-08-13,15:00,16:00,60,completed,false,false,14,15,administrative,2025-07-29
BOOK-001057,ROOM-0009,SVC-010,2026-03-03,08:30,09:30,60,completed,false,false,8,8,diagnostic,2026-02-15
BOOK-001058,ROOM-0020,SVC-011,2024-07-16,16:30,17:30,60,completed,false,false,8,9,therapy,2024-06-29
BOOK-001059,ROOM-0040,SVC-012,2024-05-28,15:00,16:00,60,completed,false,false,10,10,administrative,2024-05-10
BOOK-001060,ROOM-0007,SVC-001,2025-12-08,08:30,09:30,60,completed,false,false,10,12,clinic,2025-11-19
BOOK-001061,ROOM-0055,SVC-002,2025-05-19,08:30,09:30,60,cancelled,true,false,0,12,clinic,2025-04-29
BOOK-001062,ROOM-0027,SVC-003,2025-05-19,10:00,11:00,60,completed,false,false,3,4,diagnostic,2025-04-28
BOOK-001063,ROOM-0008,SVC-004,2024-07-24,15:00,16:00,60,completed,false,true,0,5,therapy,2024-07-02
BOOK-001064,ROOM-0041,SVC-005,2025-06-06,15:00,16:00,60,completed,false,false,10,12,administrative,2025-05-14
BOOK-001065,ROOM-0012,SVC-006,2024-07-05,08:30,09:30,60,completed,false,false,5,7,clinic,2024-06-11
BOOK-001066,ROOM-0019,SVC-007,2025-03-04,13:30,14:30,60,completed,false,false,8,8,clinic,2025-02-07
BOOK-001067,ROOM-0046,SVC-008,2024-08-02,13:30,14:30,60,completed,false,false,7,9,administrative,2024-07-07
BOOK-001068,ROOM-0041,SVC-009,2025-11-18,10:00,11:00,60,cancelled,true,false,0,15,administrative,2025-10-22
BOOK-001069,ROOM-0044,SVC-011,2025-10-01,11:30,12:30,60,completed,false,false,12,12,therapy,2025-09-02
BOOK-001070,ROOM-0046,SVC-012,2025-01-09,08:30,09:30,60,cancelled,true,false,0,5,administrative,2024-12-10
BOOK-001071,ROOM-0055,SVC-001,2024-11-28,16:30,17:30,60,completed,false,false,4,6,clinic,2024-10-28
BOOK-001072,ROOM-0007,SVC-002,2026-03-13,15:00,16:00,60,completed,false,false,6,6,clinic,2026-02-09
BOOK-001073,ROOM-0015,SVC-003,2025-05-23,10:00,11:00,60,completed,false,false,6,7,diagnostic,2025-04-20
BOOK-001074,ROOM-0020,SVC-004,2025-11-13,11:30,12:30,60,completed,false,false,8,9,therapy,2025-10-10
BOOK-001075,ROOM-0029,SVC-005,2026-03-11,10:00,11:00,60,completed,false,false,11,12,administrative,2026-02-04
BOOK-001076,ROOM-0054,SVC-006,2025-01-17,08:30,09:30,60,completed,false,false,11,11,clinic,2024-12-12
BOOK-001077,ROOM-0037,SVC-007,2024-04-17,15:00,16:00,60,completed,false,false,11,11,clinic,2024-03-11
BOOK-001078,ROOM-0034,SVC-008,2025-07-25,11:30,12:30,60,completed,false,false,11,12,administrative,2025-06-17
BOOK-001079,ROOM-0017,SVC-009,2024-04-16,08:30,09:30,60,completed,false,false,15,15,administrative,2024-03-08
BOOK-001080,ROOM-0033,SVC-010,2025-05-26,11:30,12:30,60,cancelled,true,false,0,5,diagnostic,2025-04-16
BOOK-001081,ROOM-0056,SVC-011,2025-07-17,16:30,17:30,60,completed,false,false,4,6,therapy,2025-06-06
BOOK-001082,ROOM-0004,SVC-012,2025-04-16,13:30,14:30,60,cancelled,true,false,0,7,administrative,2025-04-02
BOOK-001083,ROOM-0019,SVC-001,2024-06-17,08:30,09:30,60,completed,false,false,6,8,clinic,2024-06-02
BOOK-001084,ROOM-0013,SVC-002,2025-02-28,13:30,14:30,60,cancelled,true,false,0,10,clinic,2025-02-12
BOOK-001085,ROOM-0039,SVC-003,2024-08-15,15:00,16:00,60,completed,false,false,8,10,diagnostic,2024-07-29
BOOK-001086,ROOM-0014,SVC-004,2024-10-14,10:00,11:00,60,cancelled,true,false,0,11,therapy,2024-09-26
BOOK-001087,ROOM-0035,SVC-005,2025-04-25,11:30,12:30,60,completed,false,false,11,12,administrative,2025-04-06
BOOK-001088,ROOM-0036,SVC-006,2024-08-21,10:00,11:00,60,completed,false,false,3,5,clinic,2024-08-01
BOOK-001089,ROOM-0049,SVC-007,2024-09-25,13:30,14:30,60,cancelled,true,false,0,5,clinic,2024-09-04
BOOK-001090,ROOM-0010,SVC-008,2024-06-04,10:00,11:00,60,completed,false,false,5,6,administrative,2024-05-13
BOOK-001091,ROOM-0011,SVC-009,2026-01-02,13:30,14:30,60,completed,false,false,14,15,administrative,2025-12-10
BOOK-001092,ROOM-0045,SVC-010,2024-07-31,15:00,16:00,60,completed,false,false,7,8,diagnostic,2024-07-07
BOOK-001093,ROOM-0050,SVC-011,2024-05-07,13:30,14:30,60,completed,false,false,8,9,therapy,2024-04-12
BOOK-001094,ROOM-0040,SVC-012,2024-08-26,10:00,11:00,60,completed,false,false,10,10,administrative,2024-07-31
BOOK-001095,ROOM-0043,SVC-001,2024-04-24,15:00,16:00,60,completed,false,false,10,11,clinic,2024-03-28
BOOK-001096,ROOM-0055,SVC-002,2025-03-27,15:00,16:00,60,completed,false,false,11,12,clinic,2025-02-27
BOOK-001097,ROOM-0051,SVC-003,2025-06-27,11:30,12:30,60,completed,false,false,2,4,diagnostic,2025-05-29
BOOK-001098,ROOM-0050,SVC-004,2024-04-17,10:00,11:00,60,completed,false,false,5,5,therapy,2024-03-18
BOOK-001099,ROOM-0029,SVC-005,2025-01-20,16:30,17:30,60,completed,false,false,10,12,administrative,2024-12-20
BOOK-001100,ROOM-0006,SVC-006,2025-07-31,08:30,09:30,60,completed,false,false,6,7,clinic,2025-06-29
BOOK-001101,ROOM-0025,SVC-007,2026-03-12,13:30,14:30,60,completed,false,false,6,8,clinic,2026-02-07
BOOK-001102,ROOM-0028,SVC-008,2024-05-07,08:30,09:30,60,completed,false,false,8,9,administrative,2024-04-03
BOOK-001103,ROOM-0029,SVC-009,2025-11-10,10:00,11:00,60,completed,false,false,15,15,administrative,2025-10-06
BOOK-001104,ROOM-0003,SVC-010,2025-12-24,13:30,14:30,60,completed,false,false,10,12,diagnostic,2025-11-18
BOOK-001105,ROOM-0056,SVC-011,2026-02-03,08:30,09:30,60,completed,false,false,13,13,therapy,2025-12-28
BOOK-001106,ROOM-0046,SVC-012,2025-08-19,10:00,11:00,60,completed,false,false,3,4,administrative,2025-07-12
BOOK-001107,ROOM-0007,SVC-001,2025-03-25,13:30,14:30,60,completed,false,false,4,5,clinic,2025-02-14
BOOK-001108,ROOM-0019,SVC-002,2024-12-09,10:00,11:00,60,completed,false,false,7,7,clinic,2024-10-30
BOOK-001109,ROOM-0021,SVC-003,2025-01-13,13:30,14:30,60,completed,false,false,6,8,diagnostic,2024-12-03
BOOK-001110,ROOM-0044,SVC-004,2026-03-13,08:30,09:30,60,cancelled,true,false,0,8,therapy,2026-02-27
BOOK-001111,ROOM-0011,SVC-005,2026-02-12,08:30,09:30,60,completed,false,false,10,12,administrative,2026-01-28
BOOK-001112,ROOM-0042,SVC-006,2025-04-08,13:30,14:30,60,cancelled,true,false,0,10,clinic,2025-03-23
BOOK-001113,ROOM-0001,SVC-007,2025-06-18,08:30,09:30,60,completed,false,false,10,11,clinic,2025-06-01
BOOK-001114,ROOM-0040,SVC-008,2024-08-05,13:30,14:30,60,completed,false,false,12,12,administrative,2024-07-18
BOOK-001115,ROOM-0023,SVC-009,2025-12-31,11:30,12:30,60,completed,false,false,14,15,administrative,2025-12-12
BOOK-001116,ROOM-0003,SVC-010,2025-05-05,11:30,12:30,60,completed,false,false,4,5,diagnostic,2025-04-15
BOOK-001117,ROOM-0038,SVC-011,2024-05-31,13:30,14:30,60,completed,false,false,5,6,therapy,2024-05-10
BOOK-001118,ROOM-0022,SVC-012,2025-07-23,08:30,09:30,60,completed,false,false,6,7,administrative,2025-07-01
BOOK-001119,ROOM-0055,SVC-001,2026-01-14,10:00,11:00,60,completed,false,false,8,9,clinic,2025-12-22
BOOK-001120,ROOM-0019,SVC-002,2024-12-24,10:00,11:00,60,completed,false,false,9,10,clinic,2024-11-30
BOOK-001121,ROOM-0009,SVC-003,2025-08-15,15:00,16:00,60,cancelled,true,false,0,10,diagnostic,2025-07-21
BOOK-001122,ROOM-0044,SVC-004,2026-01-21,15:00,16:00,60,completed,false,false,12,12,therapy,2025-12-26
BOOK-001123,ROOM-0017,SVC-005,2025-03-17,10:00,11:00,60,completed,false,false,11,12,administrative,2025-02-18
BOOK-001124,ROOM-0030,SVC-006,2025-11-13,15:00,16:00,60,completed,false,false,5,5,clinic,2025-10-16
BOOK-001125,ROOM-0025,SVC-007,2024-08-13,11:30,12:30,60,completed,false,false,3,5,clinic,2024-07-15
BOOK-001126,ROOM-0022,SVC-008,2024-07-16,11:30,12:30,60,completed,false,false,5,6,administrative,2024-06-16
BOOK-001127,ROOM-0005,SVC-009,2024-06-26,11:30,12:30,60,completed,false,false,13,15,administrative,2024-05-26
BOOK-001128,ROOM-0051,SVC-010,2024-04-08,10:00,11:00,60,completed,false,true,0,8,diagnostic,2024-03-07
BOOK-001129,ROOM-0038,SVC-011,2024-11-05,13:30,14:30,60,cancelled,true,false,0,10,therapy,2024-10-03
BOOK-001130,ROOM-0040,SVC-012,2025-04-17,13:30,14:30,60,completed,false,false,8,10,administrative,2025-03-14
BOOK-001131,ROOM-0019,SVC-001,2025-03-06,13:30,14:30,60,completed,false,false,11,11,clinic,2025-01-30
BOOK-001132,ROOM-0031,SVC-002,2024-10-25,16:30,17:30,60,cancelled,true,false,0,12,clinic,2024-09-19
BOOK-001133,ROOM-0003,SVC-003,2026-02-12,15:00,16:00,60,completed,false,false,3,5,diagnostic,2026-01-06
BOOK-001134,ROOM-0050,SVC-004,2024-05-09,11:30,12:30,60,completed,false,false,4,5,therapy,2024-04-01
BOOK-001135,ROOM-0035,SVC-005,2025-04-08,11:30,12:30,60,completed,false,false,12,12,administrative,2025-02-28
BOOK-001136,ROOM-0024,SVC-006,2025-01-13,08:30,09:30,60,completed,false,false,6,8,clinic,2024-12-04
BOOK-001137,ROOM-0007,SVC-007,2024-10-28,15:00,16:00,60,completed,false,false,6,8,clinic,2024-09-17
BOOK-001138,ROOM-0029,SVC-009,2025-05-19,10:00,11:00,60,completed,false,false,13,15,administrative,2025-05-04
BOOK-001139,ROOM-0051,SVC-010,2024-12-16,13:30,14:30,60,completed,false,false,10,12,diagnostic,2024-11-30
BOOK-001140,ROOM-0026,SVC-011,2025-10-03,11:30,12:30,60,completed,false,false,10,12,therapy,2025-09-16
BOOK-001141,ROOM-0022,SVC-012,2025-06-23,16:30,17:30,60,completed,false,false,2,4,administrative,2025-06-05
BOOK-001142,ROOM-0043,SVC-001,2025-04-23,15:00,16:00,60,completed,false,false,5,5,clinic,2025-04-04
BOOK-001143,ROOM-0019,SVC-002,2024-05-10,08:30,09:30,60,completed,false,false,6,6,clinic,2024-04-20
BOOK-001144,ROOM-0015,SVC-003,2025-07-16,13:30,14:30,60,completed,false,false,6,7,diagnostic,2025-06-25
BOOK-001145,ROOM-0032,SVC-004,2024-09-24,08:30,09:30,60,completed,false,false,6,8,therapy,2024-09-02
BOOK-001146,ROOM-0035,SVC-005,2024-07-30,16:30,17:30,60,completed,false,false,12,12,administrative,2024-07-07
BOOK-001147,ROOM-0048,SVC-006,2024-05-24,15:00,16:00,60,cancelled,true,false,0,10,clinic,2024-04-30
BOOK-001148,ROOM-0037,SVC-007,2024-08-19,11:30,12:30,60,completed,false,false,10,11,clinic,2024-07-25
BOOK-001149,ROOM-0040,SVC-008,2024-12-17,10:00,11:00,60,completed,false,false,12,13,administrative,2024-11-21
BOOK-001150,ROOM-0005,SVC-009,2025-09-08,16:30,17:30,60,completed,false,false,15,15,administrative,2025-08-12
BOOK-001151,ROOM-0015,SVC-010,2025-11-04,11:30,12:30,60,completed,false,false,4,6,diagnostic,2025-10-07
BOOK-001152,ROOM-0002,SVC-011,2025-07-24,16:30,17:30,60,completed,false,false,4,6,therapy,2025-06-25
BOOK-001153,ROOM-0052,SVC-012,2025-03-14,11:30,12:30,60,completed,false,false,7,7,administrative,2025-02-12
BOOK-001154,ROOM-0031,SVC-001,2024-10-31,15:00,16:00,60,completed,false,false,6,8,clinic,2024-09-30
BOOK-001155,ROOM-0001,SVC-002,2025-01-03,11:30,12:30,60,completed,false,false,8,10,clinic,2024-12-02
BOOK-001156,ROOM-0033,SVC-003,2025-07-30,13:30,14:30,60,completed,false,false,8,10,diagnostic,2025-06-27
BOOK-001157,ROOM-0002,SVC-004,2024-05-27,11:30,12:30,60,completed,false,false,9,11,therapy,2024-04-23
BOOK-001158,ROOM-0023,SVC-005,2024-07-18,16:30,17:30,60,completed,false,false,11,12,administrative,2024-06-13
BOOK-001159,ROOM-0048,SVC-006,2024-05-13,15:00,16:00,60,completed,false,false,3,5,clinic,2024-04-07
BOOK-001160,ROOM-0025,SVC-007,2026-01-02,10:00,11:00,60,completed,false,false,4,6,clinic,2025-11-26
BOOK-001161,ROOM-0016,SVC-008,2026-01-19,11:30,12:30,60,completed,false,false,7,7,administrative,2025-12-12
BOOK-001162,ROOM-0005,SVC-009,2026-03-04,16:30,17:30,60,completed,false,false,13,15,administrative,2026-01-24
BOOK-001163,ROOM-0045,SVC-010,2025-12-18,13:30,14:30,60,completed,false,false,8,9,diagnostic,2025-11-08
BOOK-001164,ROOM-0026,SVC-011,2026-03-19,10:00,11:00,60,completed,false,false,8,9,therapy,2026-02-06
BOOK-001165,ROOM-0052,SVC-012,2025-10-28,13:30,14:30,60,completed,false,false,10,10,administrative,2025-10-14
BOOK-001166,ROOM-0055,SVC-001,2025-04-22,15:00,16:00,60,completed,false,false,9,11,clinic,2025-04-07
BOOK-001167,ROOM-0019,SVC-002,2024-12-11,10:00,11:00,60,completed,false,false,11,13,clinic,2024-11-25
BOOK-001168,ROOM-0033,SVC-003,2024-06-18,11:30,12:30,60,completed,false,false,2,4,diagnostic,2024-06-01
BOOK-001169,ROOM-0008,SVC-004,2026-01-30,15:00,16:00,60,completed,false,false,4,6,therapy,2026-01-12
BOOK-001170,ROOM-0053,SVC-005,2025-07-17,16:30,17:30,60,completed,false,false,12,12,administrative,2025-06-28
BOOK-001171,ROOM-0018,SVC-006,2026-01-20,08:30,09:30,60,completed,false,false,6,8,clinic,2025-12-31
BOOK-001172,ROOM-0025,SVC-007,2025-09-05,13:30,14:30,60,completed,false,false,7,8,clinic,2025-08-15
BOOK-001173,ROOM-0040,SVC-008,2024-11-20,08:30,09:30,60,completed,false,false,8,10,administrative,2024-10-29
BOOK-001174,ROOM-0023,SVC-009,2025-07-18,13:30,14:30,60,completed,false,false,14,15,administrative,2025-06-25
BOOK-001175,ROOM-0039,SVC-010,2024-11-19,11:30,12:30,60,completed,false,false,12,12,diagnostic,2024-10-26
BOOK-001176,ROOM-0032,SVC-011,2024-07-08,16:30,17:30,60,completed,false,false,11,12,therapy,2024-06-13
BOOK-001177,ROOM-0052,SVC-012,2024-10-28,13:30,14:30,60,completed,false,false,2,4,administrative,2024-10-02
BOOK-001178,ROOM-0055,SVC-001,2024-12-10,08:30,09:30,60,completed,false,false,5,6,clinic,2024-11-13
BOOK-001179,ROOM-0015,SVC-003,2025-11-21,10:00,11:00,60,completed,false,false,7,8,diagnostic,2025-10-23
BOOK-001180,ROOM-0050,SVC-004,2025-07-18,15:00,16:00,60,completed,false,false,6,8,therapy,2025-06-18
BOOK-001181,ROOM-0017,SVC-005,2024-12-31,15:00,16:00,60,cancelled,true,false,0,12,administrative,2024-11-30
BOOK-001182,ROOM-0042,SVC-006,2024-07-23,08:30,09:30,60,completed,false,false,9,10,clinic,2024-06-21
BOOK-001183,ROOM-0025,SVC-007,2024-05-15,16:30,17:30,60,completed,false,false,11,11,clinic,2024-04-12
BOOK-001184,ROOM-0046,SVC-008,2025-02-27,13:30,14:30,60,completed,false,false,13,13,administrative,2025-01-24
BOOK-001185,ROOM-0023,SVC-009,2025-02-13,15:00,16:00,60,completed,false,false,13,15,administrative,2025-01-09
BOOK-001186,ROOM-0045,SVC-010,2025-10-13,10:00,11:00,60,cancelled,true,false,0,5,diagnostic,2025-09-07
BOOK-001187,ROOM-0002,SVC-011,2025-06-23,15:00,16:00,60,cancelled,true,false,0,6,therapy,2025-05-17
BOOK-001188,ROOM-0046,SVC-012,2024-10-02,13:30,14:30,60,completed,false,false,6,7,administrative,2024-08-25
BOOK-001189,ROOM-0037,SVC-001,2024-06-06,08:30,09:30,60,cancelled,true,false,0,8,clinic,2024-04-28
BOOK-001190,ROOM-0025,SVC-002,2024-05-09,08:30,09:30,60,completed,false,false,8,9,clinic,2024-03-30
BOOK-001191,ROOM-0051,SVC-003,2024-12-24,11:30,12:30,60,completed,false,false,11,11,diagnostic,2024-11-13
BOOK-001192,ROOM-0002,SVC-004,2025-10-08,10:00,11:00,60,completed,false,false,11,11,therapy,2025-09-24
BOOK-001193,ROOM-0005,SVC-005,2024-12-10,15:00,16:00,60,completed,false,false,11,13,administrative,2024-11-25
BOOK-001194,ROOM-0012,SVC-006,2025-08-19,10:00,11:00,60,completed,false,false,5,5,clinic,2025-08-03
BOOK-001195,ROOM-0019,SVC-007,2024-06-13,08:30,09:30,60,completed,false,false,4,5,clinic,2024-05-27
BOOK-001196,ROOM-0010,SVC-008,2026-03-05,15:00,16:00,60,completed,false,false,4,6,administrative,2026-02-15
BOOK-001197,ROOM-0053,SVC-009,2024-07-03,13:30,14:30,60,completed,false,false,15,15,administrative,2024-06-14
BOOK-001198,ROOM-0015,SVC-010,2025-08-14,16:30,17:30,60,completed,false,false,7,8,diagnostic,2025-07-25
BOOK-001199,ROOM-0026,SVC-011,2024-06-21,15:00,16:00,60,completed,false,false,9,9,therapy,2024-05-31
BOOK-001200,ROOM-0016,SVC-012,2026-03-16,11:30,12:30,60,completed,false,false,9,10,administrative,2026-02-22
BOOK-001201,ROOM-0007,SVC-001,2024-12-09,08:30,09:30,60,completed,false,false,12,12,clinic,2024-11-16
BOOK-001202,ROOM-0001,SVC-002,2025-04-22,16:30,17:30,60,completed,false,false,10,12,clinic,2025-03-29
BOOK-001203,ROOM-0033,SVC-003,2025-12-12,11:30,12:30,60,cancelled,true,false,0,5,diagnostic,2025-11-17
BOOK-001204,ROOM-0044,SVC-004,2024-12-26,13:30,14:30,60,completed,false,false,6,6,therapy,2024-11-30
BOOK-001205,ROOM-0023,SVC-005,2025-06-18,15:00,16:00,60,completed,false,false,10,12,administrative,2025-05-22
BOOK-001206,ROOM-0054,SVC-006,2025-11-04,15:00,16:00,60,completed,false,false,8,8,clinic,2025-10-07
BOOK-001207,ROOM-0043,SVC-007,2024-10-11,15:00,16:00,60,completed,false,false,6,8,clinic,2024-09-12
BOOK-001208,ROOM-0046,SVC-008,2025-08-27,13:30,14:30,60,completed,false,false,8,9,administrative,2025-07-28
BOOK-001209,ROOM-0047,SVC-009,2026-03-13,16:30,17:30,60,cancelled,true,false,0,15,administrative,2026-02-10
BOOK-001210,ROOM-0051,SVC-010,2025-03-04,08:30,09:30,60,completed,false,false,10,11,diagnostic,2025-01-31
BOOK-001211,ROOM-0044,SVC-011,2025-01-13,16:30,17:30,60,completed,false,false,12,13,therapy,2024-12-11
BOOK-001212,ROOM-0055,SVC-001,2024-12-13,08:30,09:30,60,completed,false,false,4,6,clinic,2024-11-08
BOOK-001213,ROOM-0025,SVC-002,2026-03-17,15:00,16:00,60,completed,false,false,6,6,clinic,2026-02-09
BOOK-001214,ROOM-0045,SVC-003,2026-01-29,13:30,14:30,60,completed,false,false,7,8,diagnostic,2025-12-23
BOOK-001215,ROOM-0008,SVC-004,2025-04-08,10:00,11:00,60,completed,false,false,7,8,therapy,2025-03-01
BOOK-001216,ROOM-0041,SVC-005,2025-09-01,10:00,11:00,60,completed,false,false,12,12,administrative,2025-07-24
BOOK-001217,ROOM-0012,SVC-006,2024-09-03,11:30,12:30,60,completed,false,false,8,10,clinic,2024-07-25
BOOK-001218,ROOM-0055,SVC-007,2025-05-06,16:30,17:30,60,completed,false,false,11,11,clinic,2025-03-26
BOOK-001219,ROOM-0046,SVC-008,2025-05-21,08:30,09:30,60,completed,false,false,10,12,administrative,2025-05-07
BOOK-001220,ROOM-0047,SVC-009,2025-02-27,15:00,16:00,60,completed,false,false,15,15,administrative,2025-02-12
BOOK-001221,ROOM-0015,SVC-010,2024-05-02,11:30,12:30,60,completed,false,false,4,5,diagnostic,2024-04-16
BOOK-001222,ROOM-0038,SVC-011,2025-05-12,13:30,14:30,60,completed,false,false,6,6,therapy,2025-04-25
BOOK-001223,ROOM-0016,SVC-012,2025-12-18,16:30,17:30,60,completed,false,false,7,8,administrative,2025-11-30
BOOK-001224,ROOM-0055,SVC-001,2024-10-17,15:00,16:00,60,completed,false,false,8,8,clinic,2024-09-28
BOOK-001225,ROOM-0031,SVC-002,2025-11-03,08:30,09:30,60,completed,false,false,9,10,clinic,2025-10-14
BOOK-001226,ROOM-0039,SVC-003,2025-10-10,08:30,09:30,60,completed,false,true,0,10,diagnostic,2025-09-19
BOOK-001227,ROOM-0026,SVC-004,2025-05-30,11:30,12:30,60,completed,false,false,9,11,therapy,2025-05-08
BOOK-001228,ROOM-0005,SVC-005,2025-05-15,13:30,14:30,60,completed,false,false,11,12,administrative,2025-04-22
BOOK-001229,ROOM-0036,SVC-006,2025-11-13,15:00,16:00,60,cancelled,true,false,0,5,clinic,2025-10-20
BOOK-001230,ROOM-0001,SVC-007,2025-04-29,15:00,16:00,60,completed,false,false,5,5,clinic,2025-04-04
BOOK-001231,ROOM-0034,SVC-008,2024-10-17,16:30,17:30,60,cancelled,true,false,0,6,administrative,2024-09-21
BOOK-001232,ROOM-0011,SVC-009,2025-05-30,10:00,11:00,60,completed,false,true,0,15,administrative,2025-05-03
BOOK-001233,ROOM-0033,SVC-010,2025-09-19,08:30,09:30,60,completed,false,false,7,8,diagnostic,2025-08-22
BOOK-001234,ROOM-0002,SVC-011,2026-01-06,16:30,17:30,60,completed,false,false,8,10,therapy,2025-12-08
BOOK-001235,ROOM-0046,SVC-012,2024-05-15,15:00,16:00,60,completed,false,false,8,10,administrative,2024-04-15
BOOK-001236,ROOM-0043,SVC-001,2024-07-29,10:00,11:00,60,completed,false,false,10,11,clinic,2024-06-28
BOOK-001237,ROOM-0049,SVC-002,2025-10-09,16:30,17:30,60,completed,false,false,12,12,clinic,2025-09-07
BOOK-001238,ROOM-0020,SVC-004,2024-10-25,10:00,11:00,60,completed,false,false,5,5,therapy,2024-09-21
BOOK-001239,ROOM-0041,SVC-005,2025-03-07,10:00,11:00,60,completed,false,false,11,12,administrative,2025-01-31
BOOK-001240,ROOM-0024,SVC-006,2025-09-22,11:30,12:30,60,completed,false,false,6,7,clinic,2025-08-17
BOOK-001241,ROOM-0013,SVC-007,2024-12-23,08:30,09:30,60,completed,false,false,8,9,clinic,2024-11-16
BOOK-001242,ROOM-0016,SVC-008,2024-04-12,16:30,17:30,60,completed,false,false,7,9,administrative,2024-03-05
BOOK-001243,ROOM-0017,SVC-009,2024-10-21,08:30,09:30,60,completed,false,false,14,15,administrative,2024-09-12
BOOK-001244,ROOM-0003,SVC-010,2024-08-07,16:30,17:30,60,cancelled,true,false,0,11,diagnostic,2024-06-28
BOOK-001245,ROOM-0032,SVC-011,2025-09-12,10:00,11:00,60,completed,false,false,10,12,therapy,2025-08-02
BOOK-001246,ROOM-0022,SVC-012,2025-06-18,16:30,17:30,60,completed,false,false,2,4,administrative,2025-06-04
BOOK-001247,ROOM-0043,SVC-001,2025-01-01,10:00,11:00,60,completed,false,false,4,6,clinic,2024-12-17
BOOK-001248,ROOM-0007,SVC-002,2025-10-24,16:30,17:30,60,completed,false,false,6,6,clinic,2025-10-08
BOOK-001249,ROOM-0033,SVC-003,2024-04-24,08:30,09:30,60,completed,false,false,6,7,diagnostic,2024-04-07
BOOK-001250,ROOM-0050,SVC-004,2025-07-04,15:00,16:00,60,completed,false,false,6,8,therapy,2025-06-16
BOOK-001251,ROOM-0047,SVC-005,2025-07-22,16:30,17:30,60,completed,false,false,10,12,administrative,2025-07-03
BOOK-001252,ROOM-0012,SVC-006,2025-02-12,10:00,11:00,60,completed,false,false,10,11,clinic,2025-01-23
BOOK-001253,ROOM-0043,SVC-007,2025-08-18,11:30,12:30,60,completed,false,false,9,11,clinic,2025-07-28
BOOK-001254,ROOM-0040,SVC-008,2024-12-05,10:00,11:00,60,completed,false,false,11,13,administrative,2024-11-13
BOOK-001255,ROOM-0041,SVC-009,2024-11-05,10:00,11:00,60,cancelled,true,false,0,15,administrative,2024-10-13
BOOK-001256,ROOM-0033,SVC-010,2025-05-02,11:30,12:30,60,completed,false,false,4,5,diagnostic,2025-04-08
BOOK-001257,ROOM-0038,SVC-011,2024-06-11,15:00,16:00,60,completed,false,false,4,6,therapy,2024-05-17
BOOK-001258,ROOM-0034,SVC-012,2024-11-29,15:00,16:00,60,completed,false,false,8,8,administrative,2024-11-03
BOOK-001259,ROOM-0031,SVC-001,2025-07-17,10:00,11:00,60,completed,false,false,6,8,clinic,2025-06-20
BOOK-001260,ROOM-0007,SVC-002,2024-07-10,11:30,12:30,60,completed,false,false,9,9,clinic,2024-06-12
BOOK-001261,ROOM-0021,SVC-003,2024-07-03,13:30,14:30,60,completed,false,false,8,10,diagnostic,2024-06-04
BOOK-001262,ROOM-0050,SVC-004,2026-02-11,16:30,17:30,60,completed,false,false,12,12,therapy,2026-01-12
BOOK-001263,ROOM-0047,SVC-005,2026-02-04,08:30,09:30,60,completed,false,false,12,13,administrative,2026-01-04
BOOK-001264,ROOM-0036,SVC-006,2024-12-26,16:30,17:30,60,completed,false,false,5,5,clinic,2024-11-24
BOOK-001265,ROOM-0043,SVC-007,2024-06-25,08:30,09:30,60,completed,false,false,3,5,clinic,2024-05-23
BOOK-001266,ROOM-0034,SVC-008,2024-09-19,15:00,16:00,60,cancelled,true,false,0,6,administrative,2024-08-16
BOOK-001267,ROOM-0005,SVC-009,2025-01-16,13:30,14:30,60,completed,false,true,0,15,administrative,2024-12-12
BOOK-001268,ROOM-0027,SVC-010,2024-05-22,11:30,12:30,60,completed,false,false,8,8,diagnostic,2024-04-16
BOOK-001269,ROOM-0032,SVC-011,2024-10-30,11:30,12:30,60,completed,false,false,9,9,therapy,2024-09-23
BOOK-001270,ROOM-0004,SVC-012,2024-11-11,15:00,16:00,60,completed,false,false,11,11,administrative,2024-10-04
BOOK-001271,ROOM-0055,SVC-001,2025-11-21,16:30,17:30,60,completed,false,false,12,12,clinic,2025-10-13
BOOK-001272,ROOM-0037,SVC-002,2025-12-02,10:00,11:00,60,completed,false,false,11,13,clinic,2025-10-23
BOOK-001273,ROOM-0027,SVC-003,2025-12-04,11:30,12:30,60,completed,false,false,3,5,diagnostic,2025-10-24
BOOK-001274,ROOM-0032,SVC-004,2024-10-25,10:00,11:00,60,completed,false,false,3,5,therapy,2024-10-11
BOOK-001275,ROOM-0017,SVC-005,2026-01-20,16:30,17:30,60,completed,false,false,12,12,administrative,2026-01-05
BOOK-001276,ROOM-0006,SVC-006,2025-05-23,15:00,16:00,60,completed,false,false,5,7,clinic,2025-05-07
BOOK-001277,ROOM-0001,SVC-007,2025-12-01,08:30,09:30,60,completed,false,false,7,9,clinic,2025-11-14
BOOK-001278,ROOM-0046,SVC-008,2024-06-13,10:00,11:00,60,completed,false,false,8,9,administrative,2024-05-26
BOOK-001279,ROOM-0029,SVC-009,2024-10-01,08:30,09:30,60,completed,false,false,14,15,administrative,2024-09-12
BOOK-001280,ROOM-0033,SVC-010,2025-05-19,11:30,12:30,60,completed,false,false,10,11,diagnostic,2025-04-29
BOOK-001281,ROOM-0026,SVC-011,2025-06-12,15:00,16:00,60,completed,false,false,11,12,therapy,2025-05-22
BOOK-001282,ROOM-0010,SVC-012,2024-05-01,15:00,16:00,60,completed,false,false,3,4,administrative,2024-04-09
BOOK-001283,ROOM-0043,SVC-001,2024-11-08,16:30,17:30,60,completed,false,false,6,6,clinic,2024-10-16
BOOK-001284,ROOM-0037,SVC-002,2025-03-26,15:00,16:00,60,completed,false,false,4,6,clinic,2025-03-02
BOOK-001285,ROOM-0051,SVC-003,2025-11-28,10:00,11:00,60,completed,false,false,8,8,diagnostic,2025-11-03
BOOK-001286,ROOM-0026,SVC-004,2024-12-06,13:30,14:30,60,completed,false,false,7,9,therapy,2024-11-10
BOOK-001287,ROOM-0047,SVC-005,2026-02-24,08:30,09:30,60,completed,false,false,12,12,administrative,2026-01-28
BOOK-001288,ROOM-0006,SVC-006,2025-01-20,08:30,09:30,60,completed,false,true,0,11,clinic,2024-12-23
BOOK-001289,ROOM-0049,SVC-007,2024-07-11,10:00,11:00,60,completed,false,false,10,11,clinic,2024-06-12
BOOK-001290,ROOM-0022,SVC-008,2025-08-19,13:30,14:30,60,completed,false,false,11,12,administrative,2025-07-20
BOOK-001291,ROOM-0033,SVC-010,2025-01-31,15:00,16:00,60,completed,false,false,4,6,diagnostic,2024-12-30
BOOK-001292,ROOM-0020,SVC-011,2026-02-10,08:30,09:30,60,completed,false,false,7,7,therapy,2026-01-08
BOOK-001293,ROOM-0004,SVC-012,2024-11-22,15:00,16:00,60,completed,false,false,6,8,administrative,2024-10-19
BOOK-001294,ROOM-0031,SVC-001,2024-10-30,15:00,16:00,60,completed,false,true,0,8,clinic,2024-09-25
BOOK-001295,ROOM-0001,SVC-002,2025-12-09,10:00,11:00,60,completed,false,false,10,10,clinic,2025-11-03
BOOK-001296,ROOM-0009,SVC-003,2024-04-25,08:30,09:30,60,completed,false,false,9,10,diagnostic,2024-03-19
BOOK-001297,ROOM-0032,SVC-004,2024-08-06,16:30,17:30,60,completed,false,false,10,11,therapy,2024-06-29
BOOK-001298,ROOM-0047,SVC-005,2024-06-04,15:00,16:00,60,completed,false,false,11,12,administrative,2024-04-26
BOOK-001299,ROOM-0018,SVC-006,2025-07-29,08:30,09:30,60,completed,false,false,4,5,clinic,2025-06-19
BOOK-001300,ROOM-0037,SVC-007,2026-03-09,13:30,14:30,60,completed,false,false,4,5,clinic,2026-01-27
BOOK-001301,ROOM-0016,SVC-008,2024-11-27,08:30,09:30,60,completed,false,false,5,7,administrative,2024-11-13
BOOK-001302,ROOM-0053,SVC-009,2024-07-23,13:30,14:30,60,completed,false,false,13,15,administrative,2024-07-08
BOOK-001303,ROOM-0021,SVC-010,2025-07-14,15:00,16:00,60,completed,false,false,8,8,diagnostic,2025-06-28
BOOK-001304,ROOM-0040,SVC-012,2024-04-01,13:30,14:30,60,completed,false,false,10,10,administrative,2024-03-14
BOOK-001305,ROOM-0049,SVC-001,2024-05-06,16:30,17:30,60,completed,false,false,9,11,clinic,2024-04-17
BOOK-001306,ROOM-0013,SVC-002,2025-11-24,08:30,09:30,60,completed,false,false,12,13,clinic,2025-11-04
BOOK-001307,ROOM-0009,SVC-003,2025-09-24,16:30,17:30,60,completed,false,false,3,4,diagnostic,2025-09-03
BOOK-001308,ROOM-0044,SVC-004,2025-06-06,13:30,14:30,60,completed,false,false,5,5,therapy,2025-05-15
BOOK-001309,ROOM-0005,SVC-005,2025-02-17,08:30,09:30,60,completed,false,false,10,12,administrative,2025-01-25
BOOK-001310,ROOM-0018,SVC-006,2024-06-17,16:30,17:30,60,completed,false,false,5,7,clinic,2024-05-24
BOOK-001311,ROOM-0055,SVC-007,2026-01-08,10:00,11:00,60,completed,false,false,8,9,clinic,2025-12-14
BOOK-001312,ROOM-0040,SVC-008,2024-11-11,08:30,09:30,60,cancelled,true,false,0,10,administrative,2024-10-16
BOOK-001313,ROOM-0041,SVC-009,2025-01-13,13:30,14:30,60,completed,false,false,13,15,administrative,2024-12-17
BOOK-001314,ROOM-0021,SVC-010,2024-06-27,13:30,14:30,60,completed,false,false,9,11,diagnostic,2024-05-30
BOOK-001315,ROOM-0026,SVC-011,2025-11-05,13:30,14:30,60,completed,false,false,13,13,therapy,2025-10-07
BOOK-001316,ROOM-0016,SVC-012,2024-05-17,15:00,16:00,60,completed,false,false,4,4,administrative,2024-04-17
BOOK-001317,ROOM-0055,SVC-001,2025-12-05,08:30,09:30,60,completed,false,false,4,6,clinic,2025-11-04
BOOK-001318,ROOM-0019,SVC-002,2025-10-24,16:30,17:30,60,completed,false,true,0,6,clinic,2025-09-22
BOOK-001319,ROOM-0027,SVC-003,2024-07-02,13:30,14:30,60,completed,false,false,6,7,diagnostic,2024-05-30
BOOK-001320,ROOM-0032,SVC-004,2026-03-31,08:30,09:30,60,completed,false,false,6,8,therapy,2026-02-25
BOOK-001321,ROOM-0011,SVC-005,2024-06-10,15:00,16:00,60,completed,false,false,11,12,administrative,2024-05-06
BOOK-001322,ROOM-0048,SVC-006,2024-12-13,16:30,17:30,60,completed,false,false,9,11,clinic,2024-11-07
BOOK-001323,ROOM-0007,SVC-007,2025-05-12,16:30,17:30,60,completed,false,false,9,11,clinic,2025-04-05
BOOK-001324,ROOM-0034,SVC-008,2024-06-24,10:00,11:00,60,completed,false,false,12,12,administrative,2024-05-17
BOOK-001325,ROOM-0023,SVC-009,2025-01-30,13:30,14:30,60,completed,false,false,15,15,administrative,2024-12-22
BOOK-001326,ROOM-0009,SVC-010,2024-06-24,13:30,14:30,60,completed,false,false,4,5,diagnostic,2024-05-15
BOOK-001327,ROOM-0044,SVC-011,2026-03-05,10:00,11:00,60,completed,false,false,6,6,therapy,2026-01-23
BOOK-001328,ROOM-0022,SVC-012,2025-10-16,13:30,14:30,60,completed,false,false,7,7,administrative,2025-10-02
BOOK-001329,ROOM-0019,SVC-001,2024-12-04,08:30,09:30,60,completed,false,false,7,9,clinic,2024-11-19
BOOK-001330,ROOM-0025,SVC-002,2024-07-01,11:30,12:30,60,completed,false,true,0,9,clinic,2024-06-15
BOOK-001331,ROOM-0009,SVC-003,2024-10-09,08:30,09:30,60,completed,false,false,8,10,diagnostic,2024-09-22
BOOK-001332,ROOM-0050,SVC-004,2025-08-11,16:30,17:30,60,completed,false,false,10,11,therapy,2025-07-24
BOOK-001333,ROOM-0023,SVC-005,2024-08-27,08:30,09:30,60,completed,false,false,12,12,administrative,2024-08-08
BOOK-001334,ROOM-0030,SVC-006,2025-09-15,11:30,12:30,60,completed,false,false,5,5,clinic,2025-08-26
BOOK-001335,ROOM-0019,SVC-007,2025-08-04,11:30,12:30,60,completed,false,false,5,5,clinic,2025-07-14
BOOK-001336,ROOM-0040,SVC-008,2025-07-22,11:30,12:30,60,cancelled,true,false,0,6,administrative,2025-06-30
BOOK-001337,ROOM-0005,SVC-009,2025-06-16,11:30,12:30,60,completed,false,false,15,15,administrative,2025-05-24
BOOK-001338,ROOM-0015,SVC-010,2024-12-27,13:30,14:30,60,completed,false,false,7,9,diagnostic,2024-12-03
BOOK-001339,ROOM-0008,SVC-011,2025-12-05,15:00,16:00,60,cancelled,true,false,0,10,therapy,2025-11-10
BOOK-001340,ROOM-0040,SVC-012,2025-02-12,10:00,11:00,60,completed,false,false,10,11,administrative,2025-01-17
BOOK-001341,ROOM-0019,SVC-001,2025-12-12,08:30,09:30,60,completed,false,false,10,12,clinic,2025-11-15
BOOK-001342,ROOM-0001,SVC-002,2025-06-25,10:00,11:00,60,completed,false,false,10,12,clinic,2025-05-28
BOOK-001343,ROOM-0027,SVC-003,2026-02-25,15:00,16:00,60,completed,false,false,4,5,diagnostic,2026-01-27
BOOK-001344,ROOM-0020,SVC-004,2025-05-14,11:30,12:30,60,completed,false,true,0,5,therapy,2025-04-14
BOOK-001345,ROOM-0047,SVC-005,2025-03-07,10:00,11:00,60,completed,false,false,11,12,administrative,2025-02-04
BOOK-001346,ROOM-0042,SVC-006,2025-05-20,15:00,16:00,60,completed,false,false,5,7,clinic,2025-04-18
BOOK-001347,ROOM-0019,SVC-007,2025-01-24,10:00,11:00,60,completed,false,false,8,9,clinic,2024-12-22
BOOK-001348,ROOM-0016,SVC-008,2025-03-13,15:00,16:00,60,completed,false,false,7,9,administrative,2025-02-07
BOOK-001349,ROOM-0017,SVC-009,2025-11-27,10:00,11:00,60,completed,false,false,13,15,administrative,2025-10-23
BOOK-001350,ROOM-0033,SVC-010,2025-03-04,08:30,09:30,60,completed,false,true,0,11,diagnostic,2025-01-27
BOOK-001351,ROOM-0044,SVC-011,2025-05-12,13:30,14:30,60,completed,false,false,12,12,therapy,2025-04-05
BOOK-001352,ROOM-0046,SVC-012,2025-10-01,13:30,14:30,60,completed,false,false,4,4,administrative,2025-08-24
BOOK-001353,ROOM-0025,SVC-001,2025-12-05,08:30,09:30,60,completed,false,false,6,6,clinic,2025-10-27
BOOK-001354,ROOM-0001,SVC-002,2024-08-08,13:30,14:30,60,completed,false,false,6,6,clinic,2024-06-29
BOOK-001355,ROOM-0009,SVC-003,2025-11-04,10:00,11:00,60,completed,false,false,8,8,diagnostic,2025-09-24
BOOK-001356,ROOM-0032,SVC-004,2025-01-28,15:00,16:00,60,completed,false,false,7,9,therapy,2025-01-14
BOOK-001357,ROOM-0011,SVC-005,2025-09-29,10:00,11:00,60,completed,false,false,10,12,administrative,2025-09-14
BOOK-001358,ROOM-0006,SVC-006,2025-03-19,11:30,12:30,60,completed,false,false,8,10,clinic,2025-03-03
BOOK-001359,ROOM-0019,SVC-007,2024-10-15,15:00,16:00,60,completed,false,false,11,11,clinic,2024-09-28
BOOK-001360,ROOM-0010,SVC-008,2024-06-07,10:00,11:00,60,completed,false,false,11,12,administrative,2024-05-20
BOOK-001361,ROOM-0053,SVC-009,2025-07-09,13:30,14:30,60,completed,false,false,14,15,administrative,2025-06-20
BOOK-001362,ROOM-0039,SVC-010,2024-10-23,10:00,11:00,60,completed,false,false,5,5,diagnostic,2024-10-03
BOOK-001363,ROOM-0044,SVC-011,2025-06-23,15:00,16:00,60,cancelled,true,false,0,6,therapy,2025-06-02
BOOK-001364,ROOM-0022,SVC-012,2025-07-21,08:30,09:30,60,completed,false,false,6,7,administrative,2025-06-29
BOOK-001365,ROOM-0043,SVC-001,2024-04-03,15:00,16:00,60,completed,false,false,6,8,clinic,2024-03-11
BOOK-001366,ROOM-0031,SVC-002,2026-01-07,11:30,12:30,60,completed,false,true,0,10,clinic,2025-12-14
BOOK-001367,ROOM-0003,SVC-003,2024-10-21,08:30,09:30,60,completed,false,false,10,10,diagnostic,2024-09-26
BOOK-001368,ROOM-0056,SVC-004,2026-03-02,08:30,09:30,60,completed,false,true,0,11,therapy,2026-02-04
BOOK-001369,ROOM-0029,SVC-005,2025-03-26,10:00,11:00,60,completed,false,false,12,12,administrative,2025-02-27
BOOK-001370,ROOM-0054,SVC-006,2024-04-02,13:30,14:30,60,completed,false,false,5,5,clinic,2024-03-05
BOOK-001371,ROOM-0001,SVC-007,2026-03-04,13:30,14:30,60,completed,false,false,4,5,clinic,2026-02-03
BOOK-001372,ROOM-0052,SVC-008,2026-03-18,15:00,16:00,60,completed,false,false,5,6,administrative,2026-02-16
BOOK-001373,ROOM-0047,SVC-009,2025-10-06,08:30,09:30,60,completed,false,false,15,15,administrative,2025-09-05
BOOK-001374,ROOM-0051,SVC-010,2024-09-27,08:30,09:30,60,completed,false,false,6,8,diagnostic,2024-08-26
BOOK-001375,ROOM-0020,SVC-011,2026-01-26,16:30,17:30,60,completed,false,false,9,10,therapy,2025-12-24
BOOK-001376,ROOM-0016,SVC-012,2025-04-10,13:30,14:30,60,completed,false,false,8,10,administrative,2025-03-07
BOOK-001377,ROOM-0001,SVC-001,2025-03-19,13:30,14:30,60,completed,false,false,11,11,clinic,2025-02-12
BOOK-001378,ROOM-0037,SVC-002,2025-02-25,13:30,14:30,60,completed,false,false,12,13,clinic,2025-01-20
BOOK-001379,ROOM-0015,SVC-003,2024-04-26,08:30,09:30,60,completed,false,false,2,4,diagnostic,2024-03-20
BOOK-001380,ROOM-0050,SVC-004,2025-05-29,11:30,12:30,60,completed,false,false,3,5,therapy,2025-04-21
BOOK-001381,ROOM-0029,SVC-005,2025-07-21,16:30,17:30,60,completed,false,false,12,12,administrative,2025-06-12
BOOK-001382,ROOM-0018,SVC-006,2024-04-04,13:30,14:30,60,completed,false,false,7,7,clinic,2024-02-24
BOOK-001383,ROOM-0043,SVC-007,2024-10-28,15:00,16:00,60,completed,false,false,7,8,clinic,2024-09-17
BOOK-001384,ROOM-0022,SVC-008,2024-05-17,08:30,09:30,60,completed,false,false,9,9,administrative,2024-05-03
BOOK-001385,ROOM-0011,SVC-009,2026-02-16,15:00,16:00,60,completed,false,false,15,15,administrative,2026-02-01
BOOK-001386,ROOM-0039,SVC-010,2024-12-04,13:30,14:30,60,completed,false,false,12,12,diagnostic,2024-11-18
BOOK-001387,ROOM-0050,SVC-011,2025-01-22,16:30,17:30,60,completed,false,false,11,13,therapy,2025-01-05
BOOK-001388,ROOM-0040,SVC-012,2025-05-15,15:00,16:00,60,completed,false,true,0,4,administrative,2025-04-27
BOOK-001389,ROOM-0013,SVC-001,2024-07-03,10:00,11:00,60,completed,false,false,3,5,clinic,2024-06-14
BOOK-001390,ROOM-0049,SVC-002,2024-10-14,16:30,17:30,60,completed,false,false,6,6,clinic,2024-09-24
BOOK-001391,ROOM-0033,SVC-003,2026-01-29,13:30,14:30,60,completed,false,false,8,8,diagnostic,2026-01-08
BOOK-001392,ROOM-0008,SVC-004,2025-04-30,10:00,11:00,60,completed,false,false,6,8,therapy,2025-04-08
BOOK-001393,ROOM-0047,SVC-005,2024-04-18,11:30,12:30,60,completed,false,false,12,12,administrative,2024-03-26
BOOK-001394,ROOM-0042,SVC-006,2025-12-29,16:30,17:30,60,completed,false,false,11,11,clinic,2025-12-05
BOOK-001395,ROOM-0037,SVC-007,2024-05-24,16:30,17:30,60,completed,false,false,9,11,clinic,2024-04-29
BOOK-001396,ROOM-0034,SVC-008,2025-10-03,16:30,17:30,60,completed,false,false,12,12,administrative,2025-09-07
BOOK-001397,ROOM-0011,SVC-009,2025-06-11,11:30,12:30,60,completed,false,false,14,15,administrative,2025-05-15
BOOK-001398,ROOM-0003,SVC-010,2025-10-21,10:00,11:00,60,completed,false,false,5,5,diagnostic,2025-09-23
BOOK-001399,ROOM-0026,SVC-011,2024-05-10,13:30,14:30,60,completed,false,false,4,6,therapy,2024-04-11
BOOK-001400,ROOM-0028,SVC-012,2024-04-18,13:30,14:30,60,completed,false,false,6,7,administrative,2024-03-19
BOOK-001401,ROOM-0025,SVC-001,2024-10-24,15:00,16:00,60,completed,false,false,8,8,clinic,2024-09-23
BOOK-001402,ROOM-0025,SVC-002,2025-04-21,16:30,17:30,60,completed,false,false,7,9,clinic,2025-03-20
BOOK-001403,ROOM-0051,SVC-003,2025-12-31,11:30,12:30,60,completed,false,false,11,11,diagnostic,2025-11-28
BOOK-001404,ROOM-0020,SVC-004,2026-03-16,08:30,09:30,60,completed,false,false,9,11,therapy,2026-02-10
BOOK-001405,ROOM-0011,SVC-005,2024-05-27,13:30,14:30,60,completed,false,false,11,12,administrative,2024-04-22
BOOK-001406,ROOM-0030,SVC-006,2025-11-17,15:00,16:00,60,completed,false,false,3,5,clinic,2025-10-12
BOOK-001407,ROOM-0013,SVC-007,2025-06-02,08:30,09:30,60,cancelled,true,false,0,5,clinic,2025-04-26
BOOK-001408,ROOM-0028,SVC-008,2024-04-03,16:30,17:30,60,completed,false,false,5,6,administrative,2024-02-25
BOOK-001409,ROOM-0023,SVC-009,2025-03-07,16:30,17:30,60,completed,false,false,13,15,administrative,2025-01-27
BOOK-001410,ROOM-0015,SVC-010,2025-03-31,08:30,09:30,60,completed,false,false,6,8,diagnostic,2025-02-19
BOOK-001411,ROOM-0014,SVC-011,2025-03-17,10:00,11:00,60,completed,false,false,7,9,therapy,2025-02-04
BOOK-001412,ROOM-0028,SVC-012,2024-10-23,13:30,14:30,60,completed,false,false,10,10,administrative,2024-10-09
BOOK-001413,ROOM-0013,SVC-001,2024-05-17,16:30,17:30,60,completed,false,false,9,11,clinic,2024-05-02
BOOK-001414,ROOM-0049,SVC-002,2025-02-04,13:30,14:30,60,completed,false,true,0,13,clinic,2025-01-19
BOOK-001415,ROOM-0033,SVC-003,2025-02-17,15:00,16:00,60,completed,false,false,4,5,diagnostic,2025-01-31
BOOK-001416,ROOM-0038,SVC-004,2024-09-05,08:30,09:30,60,completed,false,false,4,5,therapy,2024-08-18
BOOK-001417,ROOM-0011,SVC-005,2025-07-28,16:30,17:30,60,completed,false,false,12,12,administrative,2025-07-09
BOOK-001418,ROOM-0018,SVC-006,2025-08-14,10:00,11:00,60,completed,false,true,0,7,clinic,2025-07-25
BOOK-001419,ROOM-0001,SVC-007,2025-11-11,16:30,17:30,60,completed,false,false,8,9,clinic,2025-10-21
BOOK-001420,ROOM-0029,SVC-009,2026-03-10,16:30,17:30,60,completed,false,false,15,15,administrative,2026-02-15
BOOK-001421,ROOM-0051,SVC-010,2025-01-02,15:00,16:00,60,completed,false,false,10,12,diagnostic,2024-12-09
BOOK-001422,ROOM-0014,SVC-011,2025-04-25,11:30,12:30,60,cancelled,true,false,0,12,therapy,2025-03-31
BOOK-001423,ROOM-0022,SVC-012,2024-09-03,11:30,12:30,60,completed,false,false,2,4,administrative,2024-08-08
BOOK-001424,ROOM-0037,SVC-001,2025-01-08,10:00,11:00,60,completed,false,false,5,6,clinic,2024-12-12
BOOK-001425,ROOM-0049,SVC-002,2025-10-27,16:30,17:30,60,completed,false,false,6,6,clinic,2025-09-29
BOOK-001426,ROOM-0045,SVC-003,2025-09-08,16:30,17:30,60,completed,false,false,7,7,diagnostic,2025-08-10
BOOK-001427,ROOM-0044,SVC-004,2024-12-02,13:30,14:30,60,completed,false,false,9,9,therapy,2024-11-02
BOOK-001428,ROOM-0005,SVC-005,2024-12-09,15:00,16:00,60,completed,false,false,10,12,administrative,2024-11-08
BOOK-001429,ROOM-0048,SVC-006,2025-07-18,08:30,09:30,60,completed,false,false,8,10,clinic,2025-06-16
BOOK-001430,ROOM-0049,SVC-007,2025-09-01,13:30,14:30,60,completed,false,false,11,11,clinic,2025-07-30
BOOK-001431,ROOM-0016,SVC-008,2025-05-20,08:30,09:30,60,completed,false,false,12,12,administrative,2025-04-16
BOOK-001432,ROOM-0047,SVC-009,2024-06-28,11:30,12:30,60,completed,false,false,14,15,administrative,2024-05-24
BOOK-001433,ROOM-0015,SVC-010,2024-04-30,10:00,11:00,60,completed,false,false,4,5,diagnostic,2024-03-25
BOOK-001434,ROOM-0032,SVC-011,2025-05-09,13:30,14:30,60,cancelled,true,false,0,6,therapy,2025-04-02
BOOK-001435,ROOM-0040,SVC-012,2025-01-24,08:30,09:30,60,completed,false,false,6,8,administrative,2024-12-17
BOOK-001436,ROOM-0049,SVC-001,2026-01-01,10:00,11:00,60,completed,false,false,9,9,clinic,2025-11-23
BOOK-001437,ROOM-0031,SVC-002,2025-04-02,16:30,17:30,60,completed,false,false,7,9,clinic,2025-02-21
BOOK-001438,ROOM-0039,SVC-003,2024-10-08,08:30,09:30,60,completed,false,false,10,10,diagnostic,2024-08-28
BOOK-001439,ROOM-0026,SVC-004,2025-09-08,08:30,09:30,60,completed,false,false,11,11,therapy,2025-08-25
BOOK-001440,ROOM-0047,SVC-005,2025-11-19,13:30,14:30,60,completed,false,false,12,13,administrative,2025-11-04
