activity_id,service_id,room_id,activity_date,appointment_type,scheduled_contacts,completed_contacts,face_to_face_contacts,remote_contacts,did_not_attend_count,cancelled_contacts,average_contact_duration_minutes,activity_source
ACT-00001,SVC-001,ROOM-0001,2024-05-01,follow_up,8,6,5,1,0,0,30,synthetic_booking_summary
ACT-00002,SVC-001,ROOM-0001,2024-06-01,follow_up,5,5,4,1,0,0,30,synthetic_booking_summary
ACT-00003,SVC-001,ROOM-0001,2024-07-01,follow_up,11,10,8,2,0,0,30,synthetic_booking_summary
ACT-00004,SVC-001,ROOM-0001,2025-01-01,follow_up,12,11,9,2,0,0,30,synthetic_booking_summary
ACT-00005,SVC-001,ROOM-0001,2025-02-01,follow_up,6,5,4,1,0,0,30,synthetic_booking_summary
ACT-00006,SVC-001,ROOM-0001,2025-03-01,follow_up,16,16,13,3,0,0,30,synthetic_booking_summary
ACT-00007,SVC-001,ROOM-0001,2025-09-01,follow_up,8,7,6,1,0,0,30,synthetic_booking_summary
ACT-00008,SVC-001,ROOM-0001,2026-03-01,follow_up,21,18,15,3,0,0,30,synthetic_booking_summary
ACT-00009,SVC-001,ROOM-0007,2024-04-01,follow_up,5,3,3,0,0,0,30,synthetic_booking_summary
ACT-00010,SVC-001,ROOM-0007,2024-05-01,follow_up,16,13,11,2,0,0,30,synthetic_booking_summary
ACT-00011,SVC-001,ROOM-0007,2024-12-01,follow_up,12,12,10,2,0,0,30,synthetic_booking_summary
ACT-00012,SVC-001,ROOM-0007,2025-01-01,follow_up,9,8,7,1,0,0,30,synthetic_booking_summary
ACT-00013,SVC-001,ROOM-0007,2025-02-01,follow_up,9,7,6,1,0,0,30,synthetic_booking_summary
ACT-00014,SVC-001,ROOM-0007,2025-03-01,follow_up,5,4,4,0,0,0,30,synthetic_booking_summary
ACT-00015,SVC-001,ROOM-0007,2025-09-01,follow_up,8,0,0,0,8,0,30,synthetic_booking_summary
ACT-00016,SVC-001,ROOM-0007,2025-10-01,follow_up,8,6,5,1,0,0,30,synthetic_booking_summary
ACT-00017,SVC-001,ROOM-0007,2025-11-01,follow_up,9,0,0,0,0,9,30,synthetic_booking_summary
ACT-00018,SVC-001,ROOM-0007,2025-12-01,follow_up,24,22,18,4,0,0,30,synthetic_booking_summary
ACT-00019,SVC-001,ROOM-0007,2026-01-01,follow_up,12,10,8,2,0,0,30,synthetic_booking_summary
ACT-00020,SVC-001,ROOM-0013,2024-05-01,follow_up,11,9,8,1,0,0,30,synthetic_booking_summary
ACT-00021,SVC-001,ROOM-0013,2024-07-01,follow_up,13,3,3,0,0,8,30,synthetic_booking_summary
ACT-00022,SVC-001,ROOM-0013,2024-08-01,follow_up,16,15,12,3,0,0,30,synthetic_booking_summary
ACT-00023,SVC-001,ROOM-0013,2024-12-01,follow_up,9,9,8,1,0,0,30,synthetic_booking_summary
ACT-00024,SVC-001,ROOM-0013,2025-01-01,follow_up,9,9,8,1,0,0,30,synthetic_booking_summary
ACT-00025,SVC-001,ROOM-0013,2025-03-01,follow_up,11,0,0,0,11,0,30,synthetic_booking_summary
ACT-00026,SVC-001,ROOM-0019,2024-04-01,follow_up,8,6,5,1,0,0,30,synthetic_booking_summary
ACT-00027,SVC-001,ROOM-0019,2024-06-01,follow_up,8,6,5,1,0,0,30,synthetic_booking_summary
ACT-00028,SVC-001,ROOM-0019,2024-09-01,follow_up,18,16,13,3,0,0,30,synthetic_booking_summary
ACT-00029,SVC-001,ROOM-0019,2024-12-01,follow_up,21,19,16,3,0,0,30,synthetic_booking_summary
ACT-00030,SVC-001,ROOM-0019,2025-03-01,follow_up,11,11,9,2,0,0,30,synthetic_booking_summary
ACT-00031,SVC-001,ROOM-0019,2025-06-01,follow_up,11,11,9,2,0,0,30,synthetic_booking_summary
ACT-00032,SVC-001,ROOM-0019,2025-10-01,follow_up,5,3,3,0,0,0,30,synthetic_booking_summary
ACT-00033,SVC-001,ROOM-0019,2025-12-01,follow_up,12,10,8,2,0,0,30,synthetic_booking_summary
ACT-00034,SVC-001,ROOM-0025,2024-04-01,follow_up,10,6,5,1,0,0,30,synthetic_booking_summary
ACT-00035,SVC-001,ROOM-0025,2024-10-01,follow_up,13,13,11,2,0,0,30,synthetic_booking_summary
ACT-00036,SVC-001,ROOM-0025,2024-11-01,follow_up,6,5,4,1,0,0,30,synthetic_booking_summary
ACT-00037,SVC-001,ROOM-0025,2024-12-01,follow_up,12,12,10,2,0,0,30,synthetic_booking_summary
ACT-00038,SVC-001,ROOM-0025,2025-03-01,follow_up,5,3,3,0,0,0,30,synthetic_booking_summary
ACT-00039,SVC-001,ROOM-0025,2025-05-01,follow_up,5,4,4,0,0,0,30,synthetic_booking_summary
ACT-00040,SVC-001,ROOM-0025,2025-06-01,follow_up,11,11,9,2,0,0,30,synthetic_booking_summary
ACT-00041,SVC-001,ROOM-0025,2025-07-01,follow_up,8,8,7,1,0,0,30,synthetic_booking_summary
ACT-00042,SVC-001,ROOM-0025,2025-09-01,follow_up,8,6,5,1,0,0,30,synthetic_booking_summary
ACT-00043,SVC-001,ROOM-0025,2025-12-01,follow_up,6,6,5,1,0,0,30,synthetic_booking_summary
ACT-00044,SVC-001,ROOM-0025,2026-02-01,follow_up,12,10,8,2,0,0,30,synthetic_booking_summary
ACT-00045,SVC-001,ROOM-0025,2026-03-01,follow_up,8,7,6,1,0,0,30,synthetic_booking_summary
ACT-00046,SVC-001,ROOM-0031,2024-06-01,follow_up,5,3,3,0,0,0,30,synthetic_booking_summary
ACT-00047,SVC-001,ROOM-0031,2024-10-01,follow_up,16,6,5,1,8,0,30,synthetic_booking_summary
ACT-00048,SVC-001,ROOM-0031,2024-11-01,follow_up,6,4,4,0,0,0,30,synthetic_booking_summary
ACT-00049,SVC-001,ROOM-0031,2025-01-01,follow_up,6,5,4,1,0,0,30,synthetic_booking_summary
ACT-00050,SVC-001,ROOM-0031,2025-05-01,follow_up,5,5,4,1,0,0,30,synthetic_booking_summary
ACT-00051,SVC-001,ROOM-0031,2025-07-01,follow_up,8,6,5,1,0,0,30,synthetic_booking_summary
ACT-00052,SVC-001,ROOM-0031,2026-03-01,follow_up,11,0,0,0,0,11,30,synthetic_booking_summary
ACT-00053,SVC-001,ROOM-0037,2024-06-01,follow_up,8,0,0,0,0,8,30,synthetic_booking_summary
ACT-00054,SVC-001,ROOM-0037,2024-08-01,follow_up,8,8,7,1,0,0,30,synthetic_booking_summary
ACT-00055,SVC-001,ROOM-0037,2024-09-01,follow_up,11,11,9,2,0,0,30,synthetic_booking_summary
ACT-00056,SVC-001,ROOM-0037,2024-10-01,follow_up,11,11,9,2,0,0,30,synthetic_booking_summary
ACT-00057,SVC-001,ROOM-0037,2025-01-01,follow_up,6,5,4,1,0,0,30,synthetic_booking_summary
ACT-00058,SVC-001,ROOM-0037,2025-05-01,follow_up,19,17,14,3,0,0,30,synthetic_booking_summary
ACT-00059,SVC-001,ROOM-0037,2025-06-01,follow_up,11,10,8,2,0,0,30,synthetic_booking_summary
ACT-00060,SVC-001,ROOM-0037,2025-10-01,follow_up,5,3,3,0,0,0,30,synthetic_booking_summary
ACT-00061,SVC-001,ROOM-0037,2025-12-01,follow_up,6,0,0,0,6,0,30,synthetic_booking_summary
ACT-00062,SVC-001,ROOM-0037,2026-02-01,follow_up,6,5,4,1,0,0,30,synthetic_booking_summary
ACT-00063,SVC-001,ROOM-0043,2024-04-01,follow_up,30,27,22,5,0,0,30,synthetic_booking_summary
ACT-00064,SVC-001,ROOM-0043,2024-07-01,follow_up,11,10,8,2,0,0,30,synthetic_booking_summary
ACT-00065,SVC-001,ROOM-0043,2024-08-01,follow_up,5,3,3,0,0,0,30,synthetic_booking_summary
ACT-00066,SVC-001,ROOM-0043,2024-09-01,follow_up,11,10,8,2,0,0,30,synthetic_booking_summary
ACT-00067,SVC-001,ROOM-0043,2024-10-01,follow_up,11,11,9,2,0,0,30,synthetic_booking_summary
ACT-00068,SVC-001,ROOM-0043,2024-11-01,follow_up,6,6,5,1,0,0,30,synthetic_booking_summary
ACT-00069,SVC-001,ROOM-0043,2024-12-01,follow_up,9,8,7,1,0,0,30,synthetic_booking_summary
ACT-00070,SVC-001,ROOM-0043,2025-01-01,follow_up,6,4,4,0,0,0,30,synthetic_booking_summary
ACT-00071,SVC-001,ROOM-0043,2025-02-01,follow_up,6,6,5,1,0,0,30,synthetic_booking_summary
ACT-00072,SVC-001,ROOM-0043,2025-04-01,follow_up,5,5,4,1,0,0,30,synthetic_booking_summary
ACT-00073,SVC-001,ROOM-0043,2025-08-01,follow_up,8,8,7,1,0,0,30,synthetic_booking_summary
ACT-00074,SVC-001,ROOM-0043,2025-10-01,follow_up,8,6,5,1,0,0,30,synthetic_booking_summary
ACT-00075,SVC-001,ROOM-0043,2025-11-01,follow_up,6,5,4,1,0,0,30,synthetic_booking_summary
ACT-00076,SVC-001,ROOM-0043,2026-01-01,follow_up,12,10,8,2,0,0,30,synthetic_booking_summary
ACT-00077,SVC-001,ROOM-0043,2026-02-01,follow_up,12,12,10,2,0,0,30,synthetic_booking_summary
ACT-00078,SVC-001,ROOM-0049,2024-05-01,follow_up,11,9,8,1,0,0,30,synthetic_booking_summary
ACT-00079,SVC-001,ROOM-0049,2024-06-01,follow_up,11,9,8,1,0,0,30,synthetic_booking_summary
ACT-00080,SVC-001,ROOM-0049,2024-08-01,follow_up,5,0,0,0,0,5,30,synthetic_booking_summary
ACT-00081,SVC-001,ROOM-0049,2024-10-01,follow_up,16,15,12,3,0,0,30,synthetic_booking_summary
ACT-00082,SVC-001,ROOM-0049,2024-11-01,follow_up,12,0,0,0,0,12,30,synthetic_booking_summary
ACT-00083,SVC-001,ROOM-0049,2024-12-01,follow_up,12,10,8,2,0,0,30,synthetic_booking_summary
ACT-00084,SVC-001,ROOM-0049,2025-02-01,follow_up,21,18,15,3,0,0,30,synthetic_booking_summary
ACT-00085,SVC-001,ROOM-0049,2025-11-01,follow_up,6,5,4,1,0,0,30,synthetic_booking_summary
ACT-00086,SVC-001,ROOM-0049,2026-01-01,follow_up,9,9,8,1,0,0,30,synthetic_booking_summary
ACT-00087,SVC-001,ROOM-0055,2024-06-01,follow_up,8,6,5,1,0,0,30,synthetic_booking_summary
ACT-00088,SVC-001,ROOM-0055,2024-09-01,follow_up,8,8,7,1,0,0,30,synthetic_booking_summary
ACT-00089,SVC-001,ROOM-0055,2024-10-01,follow_up,8,8,7,1,0,0,30,synthetic_booking_summary
ACT-00090,SVC-001,ROOM-0055,2024-11-01,follow_up,6,4,4,0,0,0,30,synthetic_booking_summary
ACT-00091,SVC-001,ROOM-0055,2024-12-01,follow_up,12,9,8,1,0,0,30,synthetic_booking_summary
ACT-00092,SVC-001,ROOM-0055,2025-02-01,follow_up,9,9,8,1,0,0,30,synthetic_booking_summary
ACT-00093,SVC-001,ROOM-0055,2025-03-01,follow_up,11,9,8,1,0,0,30,synthetic_booking_summary
ACT-00094,SVC-001,ROOM-0055,2025-04-01,follow_up,11,9,8,1,0,0,30,synthetic_booking_summary
ACT-00095,SVC-001,ROOM-0055,2025-05-01,follow_up,5,3,3,0,0,0,30,synthetic_booking_summary
ACT-00096,SVC-001,ROOM-0055,2025-08-01,follow_up,11,0,0,0,0,11,30,synthetic_booking_summary
ACT-00097,SVC-001,ROOM-0055,2025-10-01,follow_up,11,11,9,2,0,0,30,synthetic_booking_summary
ACT-00098,SVC-001,ROOM-0055,2025-11-01,follow_up,24,12,10,2,12,0,30,synthetic_booking_summary
ACT-00099,SVC-001,ROOM-0055,2025-12-01,follow_up,6,4,4,0,0,0,30,synthetic_booking_summary
ACT-00100,SVC-001,ROOM-0055,2026-01-01,follow_up,9,8,7,1,0,0,30,synthetic_booking_summary
ACT-00101,SVC-002,ROOM-0001,2024-06-01,follow_up,6,6,4,2,0,0,30,synthetic_booking_summary
ACT-00102,SVC-002,ROOM-0001,2024-08-01,follow_up,21,14,10,4,0,6,30,synthetic_booking_summary
ACT-00103,SVC-002,ROOM-0001,2024-10-01,follow_up,18,16,11,5,0,0,30,synthetic_booking_summary
ACT-00104,SVC-002,ROOM-0001,2025-01-01,follow_up,10,8,6,2,0,0,30,synthetic_booking_summary
ACT-00105,SVC-002,ROOM-0001,2025-02-01,follow_up,13,12,8,4,0,0,30,synthetic_booking_summary
ACT-00106,SVC-002,ROOM-0001,2025-04-01,follow_up,21,17,12,5,0,0,30,synthetic_booking_summary
ACT-00107,SVC-002,ROOM-0001,2025-06-01,follow_up,12,10,7,3,0,0,30,synthetic_booking_summary
ACT-00108,SVC-002,ROOM-0001,2025-07-01,follow_up,12,0,0,0,0,12,30,synthetic_booking_summary
ACT-00109,SVC-002,ROOM-0001,2025-08-01,follow_up,12,12,8,4,0,0,30,synthetic_booking_summary
ACT-00110,SVC-002,ROOM-0001,2025-12-01,follow_up,10,10,7,3,0,0,30,synthetic_booking_summary
ACT-00111,SVC-002,ROOM-0001,2026-01-01,follow_up,20,18,12,6,0,0,30,synthetic_booking_summary
ACT-00112,SVC-002,ROOM-0001,2026-03-01,follow_up,9,0,0,0,0,9,30,synthetic_booking_summary
ACT-00113,SVC-002,ROOM-0007,2024-04-01,follow_up,12,10,7,3,0,0,30,synthetic_booking_summary
ACT-00114,SVC-002,ROOM-0007,2024-07-01,follow_up,9,9,6,3,0,0,30,synthetic_booking_summary
ACT-00115,SVC-002,ROOM-0007,2024-11-01,follow_up,10,9,6,3,0,0,30,synthetic_booking_summary
ACT-00116,SVC-002,ROOM-0007,2024-12-01,follow_up,26,23,15,8,0,0,30,synthetic_booking_summary
ACT-00117,SVC-002,ROOM-0007,2025-01-01,follow_up,7,6,4,2,0,0,30,synthetic_booking_summary
ACT-00118,SVC-002,ROOM-0007,2025-05-01,follow_up,12,11,8,3,0,0,30,synthetic_booking_summary
ACT-00119,SVC-002,ROOM-0007,2025-07-01,follow_up,6,5,4,1,0,0,30,synthetic_booking_summary
ACT-00120,SVC-002,ROOM-0007,2025-08-01,follow_up,9,8,6,2,0,0,30,synthetic_booking_summary
ACT-00121,SVC-002,ROOM-0007,2025-10-01,follow_up,6,6,4,2,0,0,30,synthetic_booking_summary
ACT-00122,SVC-002,ROOM-0007,2025-11-01,follow_up,13,12,8,4,0,0,30,synthetic_booking_summary
ACT-00123,SVC-002,ROOM-0007,2026-01-01,follow_up,13,13,9,4,0,0,30,synthetic_booking_summary
ACT-00124,SVC-002,ROOM-0007,2026-03-01,follow_up,12,10,7,3,0,0,30,synthetic_booking_summary
ACT-00125,SVC-002,ROOM-0013,2024-06-01,follow_up,6,4,3,1,0,0,30,synthetic_booking_summary
ACT-00126,SVC-002,ROOM-0013,2024-07-01,follow_up,9,8,6,2,0,0,30,synthetic_booking_summary
ACT-00127,SVC-002,ROOM-0013,2025-02-01,follow_up,10,0,0,0,0,10,30,synthetic_booking_summary
ACT-00128,SVC-002,ROOM-0013,2025-07-01,follow_up,6,6,4,2,0,0,30,synthetic_booking_summary
ACT-00129,SVC-002,ROOM-0013,2025-09-01,follow_up,18,15,10,5,0,0,30,synthetic_booking_summary
ACT-00130,SVC-002,ROOM-0013,2025-11-01,follow_up,13,12,8,4,0,0,30,synthetic_booking_summary
ACT-00131,SVC-002,ROOM-0013,2026-03-01,follow_up,18,18,12,6,0,0,30,synthetic_booking_summary
ACT-00132,SVC-002,ROOM-0019,2024-05-01,follow_up,12,12,8,4,0,0,30,synthetic_booking_summary
ACT-00133,SVC-002,ROOM-0019,2024-12-01,follow_up,37,33,22,11,0,0,30,synthetic_booking_summary
ACT-00134,SVC-002,ROOM-0019,2025-01-01,follow_up,20,7,5,2,0,13,30,synthetic_booking_summary
ACT-00135,SVC-002,ROOM-0019,2025-10-01,follow_up,6,0,0,0,6,0,30,synthetic_booking_summary
ACT-00136,SVC-002,ROOM-0019,2026-03-01,follow_up,12,0,0,0,0,12,30,synthetic_booking_summary
ACT-00137,SVC-002,ROOM-0025,2024-05-01,follow_up,24,21,14,7,0,0,30,synthetic_booking_summary
ACT-00138,SVC-002,ROOM-0025,2024-07-01,follow_up,33,21,14,7,9,0,30,synthetic_booking_summary
ACT-00139,SVC-002,ROOM-0025,2024-10-01,follow_up,6,5,4,1,0,0,30,synthetic_booking_summary
ACT-00140,SVC-002,ROOM-0025,2024-11-01,follow_up,13,12,8,4,0,0,30,synthetic_booking_summary
ACT-00141,SVC-002,ROOM-0025,2024-12-01,follow_up,7,5,4,1,0,0,30,synthetic_booking_summary
ACT-00142,SVC-002,ROOM-0025,2025-02-01,follow_up,10,9,6,3,0,0,30,synthetic_booking_summary
ACT-00143,SVC-002,ROOM-0025,2025-04-01,follow_up,9,7,5,2,0,0,30,synthetic_booking_summary
ACT-00144,SVC-002,ROOM-0025,2025-06-01,follow_up,6,5,4,1,0,0,30,synthetic_booking_summary
ACT-00145,SVC-002,ROOM-0025,2025-07-01,follow_up,9,7,5,2,0,0,30,synthetic_booking_summary
ACT-00146,SVC-002,ROOM-0025,2025-10-01,follow_up,6,6,4,2,0,0,30,synthetic_booking_summary
ACT-00147,SVC-002,ROOM-0025,2026-02-01,follow_up,20,9,6,3,10,0,30,synthetic_booking_summary
ACT-00148,SVC-002,ROOM-0025,2026-03-01,follow_up,18,16,11,5,0,0,30,synthetic_booking_summary
ACT-00149,SVC-002,ROOM-0031,2024-04-01,follow_up,9,7,5,2,0,0,30,synthetic_booking_summary
ACT-00150,SVC-002,ROOM-0031,2024-06-01,follow_up,12,10,7,3,0,0,30,synthetic_booking_summary
ACT-00151,SVC-002,ROOM-0031,2024-07-01,follow_up,6,6,4,2,0,0,30,synthetic_booking_summary
ACT-00152,SVC-002,ROOM-0031,2024-08-01,follow_up,9,7,5,2,0,0,30,synthetic_booking_summary
ACT-00153,SVC-002,ROOM-0031,2024-10-01,follow_up,12,0,0,0,0,12,30,synthetic_booking_summary
ACT-00154,SVC-002,ROOM-0031,2024-12-01,follow_up,7,0,0,0,0,7,30,synthetic_booking_summary
ACT-00155,SVC-002,ROOM-0031,2025-04-01,follow_up,9,7,5,2,0,0,30,synthetic_booking_summary
ACT-00156,SVC-002,ROOM-0031,2025-05-01,follow_up,12,10,7,3,0,0,30,synthetic_booking_summary
ACT-00157,SVC-002,ROOM-0031,2025-07-01,follow_up,12,12,8,4,0,0,30,synthetic_booking_summary
ACT-00158,SVC-002,ROOM-0031,2025-11-01,follow_up,10,9,6,3,0,0,30,synthetic_booking_summary
ACT-00159,SVC-002,ROOM-0031,2026-01-01,follow_up,10,0,0,0,10,0,30,synthetic_booking_summary
ACT-00160,SVC-002,ROOM-0031,2026-03-01,follow_up,12,11,8,3,0,0,30,synthetic_booking_summary
ACT-00161,SVC-002,ROOM-0037,2024-11-01,follow_up,20,20,13,7,0,0,30,synthetic_booking_summary
ACT-00162,SVC-002,ROOM-0037,2024-12-01,follow_up,7,5,4,1,0,0,30,synthetic_booking_summary
ACT-00163,SVC-002,ROOM-0037,2025-02-01,follow_up,26,23,15,8,0,0,30,synthetic_booking_summary
ACT-00164,SVC-002,ROOM-0037,2025-03-01,follow_up,15,4,3,1,0,9,30,synthetic_booking_summary
ACT-00165,SVC-002,ROOM-0037,2025-04-01,follow_up,9,9,6,3,0,0,30,synthetic_booking_summary
ACT-00166,SVC-002,ROOM-0037,2025-10-01,follow_up,12,11,8,3,0,0,30,synthetic_booking_summary
ACT-00167,SVC-002,ROOM-0037,2025-12-01,follow_up,13,11,8,3,0,0,30,synthetic_booking_summary
ACT-00168,SVC-002,ROOM-0043,2024-04-01,follow_up,18,9,6,3,0,9,30,synthetic_booking_summary
ACT-00169,SVC-002,ROOM-0043,2024-05-01,follow_up,6,5,4,1,0,0,30,synthetic_booking_summary
ACT-00170,SVC-002,ROOM-0043,2024-06-01,follow_up,24,21,14,7,0,0,30,synthetic_booking_summary
ACT-00171,SVC-002,ROOM-0043,2024-11-01,follow_up,13,0,0,0,0,13,30,synthetic_booking_summary
ACT-00172,SVC-002,ROOM-0043,2025-04-01,follow_up,6,5,4,1,0,0,30,synthetic_booking_summary
ACT-00173,SVC-002,ROOM-0043,2025-05-01,follow_up,9,0,0,0,0,9,30,synthetic_booking_summary
ACT-00174,SVC-002,ROOM-0043,2025-12-01,follow_up,10,8,6,2,0,0,30,synthetic_booking_summary
ACT-00175,SVC-002,ROOM-0043,2026-03-01,follow_up,6,5,4,1,0,0,30,synthetic_booking_summary
ACT-00176,SVC-002,ROOM-0049,2024-08-01,follow_up,18,7,5,2,0,9,30,synthetic_booking_summary
ACT-00177,SVC-002,ROOM-0049,2024-10-01,follow_up,6,6,4,2,0,0,30,synthetic_booking_summary
ACT-00178,SVC-002,ROOM-0049,2024-11-01,follow_up,10,9,6,3,0,0,30,synthetic_booking_summary
ACT-00179,SVC-002,ROOM-0049,2024-12-01,follow_up,13,11,8,3,0,0,30,synthetic_booking_summary
ACT-00180,SVC-002,ROOM-0049,2025-01-01,follow_up,7,6,4,2,0,0,30,synthetic_booking_summary
ACT-00181,SVC-002,ROOM-0049,2025-02-01,follow_up,13,0,0,0,13,0,30,synthetic_booking_summary
ACT-00182,SVC-002,ROOM-0049,2025-04-01,follow_up,6,6,4,2,0,0,30,synthetic_booking_summary
ACT-00183,SVC-002,ROOM-0049,2025-10-01,follow_up,18,18,12,6,0,0,30,synthetic_booking_summary
ACT-00184,SVC-002,ROOM-0055,2024-11-01,follow_up,7,7,5,2,0,0,30,synthetic_booking_summary
ACT-00185,SVC-002,ROOM-0055,2025-01-01,follow_up,20,19,13,6,0,0,30,synthetic_booking_summary
ACT-00186,SVC-002,ROOM-0055,2025-02-01,follow_up,10,9,6,3,0,0,30,synthetic_booking_summary
ACT-00187,SVC-002,ROOM-0055,2025-03-01,follow_up,12,11,8,3,0,0,30,synthetic_booking_summary
ACT-00188,SVC-002,ROOM-0055,2025-04-01,follow_up,12,10,7,3,0,0,30,synthetic_booking_summary
ACT-00189,SVC-002,ROOM-0055,2025-05-01,follow_up,12,0,0,0,0,12,30,synthetic_booking_summary
ACT-00190,SVC-002,ROOM-0055,2025-08-01,follow_up,12,10,7,3,0,0,30,synthetic_booking_summary
ACT-00191,SVC-002,ROOM-0055,2026-02-01,follow_up,7,5,4,1,0,0,30,synthetic_booking_summary
ACT-00192,SVC-002,ROOM-0055,2026-03-01,follow_up,9,9,6,3,0,0,30,synthetic_booking_summary
ACT-00193,SVC-003,ROOM-0003,2024-06-01,diagnostic,10,10,10,0,0,0,45,synthetic_booking_summary
ACT-00194,SVC-003,ROOM-0003,2024-10-01,diagnostic,10,10,10,0,0,0,45,synthetic_booking_summary
ACT-00195,SVC-003,ROOM-0003,2024-12-01,diagnostic,5,0,0,0,0,5,45,synthetic_booking_summary
ACT-00196,SVC-003,ROOM-0003,2025-01-01,diagnostic,5,4,4,0,0,0,45,synthetic_booking_summary
ACT-00197,SVC-003,ROOM-0003,2025-07-01,diagnostic,4,4,4,0,0,0,45,synthetic_booking_summary
ACT-00198,SVC-003,ROOM-0003,2026-01-01,diagnostic,5,5,5,0,0,0,45,synthetic_booking_summary
ACT-00199,SVC-003,ROOM-0003,2026-02-01,diagnostic,5,3,3,0,0,0,45,synthetic_booking_summary
ACT-00200,SVC-003,ROOM-0009,2024-04-01,diagnostic,21,19,19,0,0,0,45,synthetic_booking_summary
ACT-00201,SVC-003,ROOM-0009,2024-05-01,diagnostic,10,10,10,0,0,0,45,synthetic_booking_summary
ACT-00202,SVC-003,ROOM-0009,2024-07-01,diagnostic,7,0,0,0,0,7,45,synthetic_booking_summary
ACT-00203,SVC-003,ROOM-0009,2024-09-01,diagnostic,11,7,7,0,0,0,45,synthetic_booking_summary
ACT-00204,SVC-003,ROOM-0009,2024-10-01,diagnostic,10,8,8,0,0,0,45,synthetic_booking_summary
ACT-00205,SVC-003,ROOM-0009,2024-11-01,diagnostic,16,16,16,0,0,0,45,synthetic_booking_summary
ACT-00206,SVC-003,ROOM-0009,2025-06-01,diagnostic,4,3,3,0,0,0,45,synthetic_booking_summary
ACT-00207,SVC-003,ROOM-0009,2025-08-01,diagnostic,10,0,0,0,0,10,45,synthetic_booking_summary
ACT-00208,SVC-003,ROOM-0009,2025-09-01,diagnostic,4,3,3,0,0,0,45,synthetic_booking_summary
ACT-00209,SVC-003,ROOM-0009,2025-10-01,diagnostic,10,9,9,0,0,0,45,synthetic_booking_summary
ACT-00210,SVC-003,ROOM-0009,2025-11-01,diagnostic,8,8,8,0,0,0,45,synthetic_booking_summary
ACT-00211,SVC-003,ROOM-0009,2026-01-01,diagnostic,11,10,10,0,0,0,45,synthetic_booking_summary
ACT-00212,SVC-003,ROOM-0009,2026-02-01,diagnostic,13,10,10,0,0,0,45,synthetic_booking_summary
ACT-00213,SVC-003,ROOM-0015,2024-04-01,diagnostic,4,2,2,0,0,0,45,synthetic_booking_summary
ACT-00214,SVC-003,ROOM-0015,2024-10-01,diagnostic,10,0,0,0,0,10,45,synthetic_booking_summary
ACT-00215,SVC-003,ROOM-0015,2024-12-01,diagnostic,16,14,14,0,0,0,45,synthetic_booking_summary
ACT-00216,SVC-003,ROOM-0015,2025-04-01,diagnostic,7,0,0,0,0,7,45,synthetic_booking_summary
ACT-00217,SVC-003,ROOM-0015,2025-05-01,diagnostic,7,6,6,0,0,0,45,synthetic_booking_summary
ACT-00218,SVC-003,ROOM-0015,2025-07-01,diagnostic,11,9,9,0,0,0,45,synthetic_booking_summary
ACT-00219,SVC-003,ROOM-0015,2025-08-01,diagnostic,7,7,7,0,0,0,45,synthetic_booking_summary
ACT-00220,SVC-003,ROOM-0015,2025-10-01,diagnostic,10,8,8,0,0,0,45,synthetic_booking_summary
ACT-00221,SVC-003,ROOM-0015,2025-11-01,diagnostic,8,7,7,0,0,0,45,synthetic_booking_summary
ACT-00222,SVC-003,ROOM-0015,2026-03-01,diagnostic,7,7,7,0,0,0,45,synthetic_booking_summary
ACT-00223,SVC-003,ROOM-0021,2024-04-01,diagnostic,4,2,2,0,0,0,45,synthetic_booking_summary
ACT-00224,SVC-003,ROOM-0021,2024-06-01,diagnostic,7,5,5,0,0,0,45,synthetic_booking_summary
ACT-00225,SVC-003,ROOM-0021,2024-07-01,diagnostic,20,17,17,0,0,0,45,synthetic_booking_summary
ACT-00226,SVC-003,ROOM-0021,2024-08-01,diagnostic,10,10,10,0,0,0,45,synthetic_booking_summary
ACT-00227,SVC-003,ROOM-0021,2024-09-01,diagnostic,10,9,9,0,0,0,45,synthetic_booking_summary
ACT-00228,SVC-003,ROOM-0021,2024-10-01,diagnostic,4,0,0,0,4,0,45,synthetic_booking_summary
ACT-00229,SVC-003,ROOM-0021,2024-11-01,diagnostic,8,6,6,0,0,0,45,synthetic_booking_summary
ACT-00230,SVC-003,ROOM-0021,2025-01-01,diagnostic,8,6,6,0,0,0,45,synthetic_booking_summary
ACT-00231,SVC-003,ROOM-0021,2025-02-01,diagnostic,16,14,14,0,0,0,45,synthetic_booking_summary
ACT-00232,SVC-003,ROOM-0021,2025-03-01,diagnostic,7,5,5,0,0,0,45,synthetic_booking_summary
ACT-00233,SVC-003,ROOM-0021,2025-04-01,diagnostic,4,3,3,0,0,0,45,synthetic_booking_summary
ACT-00234,SVC-003,ROOM-0021,2025-06-01,diagnostic,4,2,2,0,0,0,45,synthetic_booking_summary
ACT-00235,SVC-003,ROOM-0021,2025-09-01,diagnostic,4,0,0,0,4,0,45,synthetic_booking_summary
ACT-00236,SVC-003,ROOM-0021,2025-10-01,diagnostic,10,8,8,0,0,0,45,synthetic_booking_summary
ACT-00237,SVC-003,ROOM-0027,2024-04-01,diagnostic,4,4,4,0,0,0,45,synthetic_booking_summary
ACT-00238,SVC-003,ROOM-0027,2024-07-01,diagnostic,7,6,6,0,0,0,45,synthetic_booking_summary
ACT-00239,SVC-003,ROOM-0027,2024-08-01,diagnostic,14,13,13,0,0,0,45,synthetic_booking_summary
ACT-00240,SVC-003,ROOM-0027,2024-10-01,diagnostic,10,8,8,0,0,0,45,synthetic_booking_summary
ACT-00241,SVC-003,ROOM-0027,2024-11-01,diagnostic,11,0,0,0,11,0,45,synthetic_booking_summary
ACT-00242,SVC-003,ROOM-0027,2025-05-01,diagnostic,14,12,12,0,0,0,45,synthetic_booking_summary
ACT-00243,SVC-003,ROOM-0027,2025-06-01,diagnostic,11,9,9,0,0,0,45,synthetic_booking_summary
ACT-00244,SVC-003,ROOM-0027,2025-11-01,diagnostic,8,0,0,0,0,8,45,synthetic_booking_summary
ACT-00245,SVC-003,ROOM-0027,2025-12-01,diagnostic,5,3,3,0,0,0,45,synthetic_booking_summary
ACT-00246,SVC-003,ROOM-0027,2026-01-01,diagnostic,8,7,7,0,0,0,45,synthetic_booking_summary
ACT-00247,SVC-003,ROOM-0027,2026-02-01,diagnostic,5,4,4,0,0,0,45,synthetic_booking_summary
ACT-00248,SVC-003,ROOM-0027,2026-03-01,diagnostic,14,7,7,0,7,0,45,synthetic_booking_summary
ACT-00249,SVC-003,ROOM-0033,2024-04-01,diagnostic,17,15,15,0,0,0,45,synthetic_booking_summary
ACT-00250,SVC-003,ROOM-0033,2024-05-01,diagnostic,14,10,10,0,0,0,45,synthetic_booking_summary
ACT-00251,SVC-003,ROOM-0033,2024-06-01,diagnostic,4,2,2,0,0,0,45,synthetic_booking_summary
ACT-00252,SVC-003,ROOM-0033,2024-09-01,diagnostic,7,0,0,0,7,0,45,synthetic_booking_summary
ACT-00253,SVC-003,ROOM-0033,2024-11-01,diagnostic,16,15,15,0,0,0,45,synthetic_booking_summary
ACT-00254,SVC-003,ROOM-0033,2025-01-01,diagnostic,11,10,10,0,0,0,45,synthetic_booking_summary
ACT-00255,SVC-003,ROOM-0033,2025-02-01,diagnostic,5,4,4,0,0,0,45,synthetic_booking_summary
ACT-00256,SVC-003,ROOM-0033,2025-04-01,diagnostic,4,3,3,0,0,0,45,synthetic_booking_summary
ACT-00257,SVC-003,ROOM-0033,2025-07-01,diagnostic,10,8,8,0,0,0,45,synthetic_booking_summary
ACT-00258,SVC-003,ROOM-0033,2025-08-01,diagnostic,4,4,4,0,0,0,45,synthetic_booking_summary
ACT-00259,SVC-003,ROOM-0033,2025-12-01,diagnostic,5,0,0,0,0,5,45,synthetic_booking_summary
ACT-00260,SVC-003,ROOM-0033,2026-01-01,diagnostic,16,14,14,0,0,0,45,synthetic_booking_summary
ACT-00261,SVC-003,ROOM-0039,2024-08-01,diagnostic,10,8,8,0,0,0,45,synthetic_booking_summary
ACT-00262,SVC-003,ROOM-0039,2024-10-01,diagnostic,20,10,10,0,0,10,45,synthetic_booking_summary
ACT-00263,SVC-003,ROOM-0039,2024-11-01,diagnostic,11,10,10,0,0,0,45,synthetic_booking_summary
ACT-00264,SVC-003,ROOM-0039,2025-01-01,diagnostic,5,5,5,0,0,0,45,synthetic_booking_summary
ACT-00265,SVC-003,ROOM-0039,2025-02-01,diagnostic,8,6,6,0,0,0,45,synthetic_booking_summary
ACT-00266,SVC-003,ROOM-0039,2025-07-01,diagnostic,4,2,2,0,0,0,45,synthetic_booking_summary
ACT-00267,SVC-003,ROOM-0039,2025-08-01,diagnostic,7,7,7,0,0,0,45,synthetic_booking_summary
ACT-00268,SVC-003,ROOM-0039,2025-10-01,diagnostic,20,10,10,0,10,0,45,synthetic_booking_summary
ACT-00269,SVC-003,ROOM-0039,2025-12-01,diagnostic,22,19,19,0,0,0,45,synthetic_booking_summary
ACT-00270,SVC-003,ROOM-0045,2024-04-01,diagnostic,4,2,2,0,0,0,45,synthetic_booking_summary
ACT-00271,SVC-003,ROOM-0045,2024-06-01,diagnostic,10,0,0,0,10,0,45,synthetic_booking_summary
ACT-00272,SVC-003,ROOM-0045,2024-07-01,diagnostic,4,2,2,0,0,0,45,synthetic_booking_summary
ACT-00273,SVC-003,ROOM-0045,2025-01-01,diagnostic,5,4,4,0,0,0,45,synthetic_booking_summary
ACT-00274,SVC-003,ROOM-0045,2025-03-01,diagnostic,10,10,10,0,0,0,45,synthetic_booking_summary
ACT-00275,SVC-003,ROOM-0045,2025-04-01,diagnostic,7,6,6,0,0,0,45,synthetic_booking_summary
ACT-00276,SVC-003,ROOM-0045,2025-05-01,diagnostic,4,3,3,0,0,0,45,synthetic_booking_summary
ACT-00277,SVC-003,ROOM-0045,2025-09-01,diagnostic,7,7,7,0,0,0,45,synthetic_booking_summary
ACT-00278,SVC-003,ROOM-0045,2026-01-01,diagnostic,8,7,7,0,0,0,45,synthetic_booking_summary
ACT-00279,SVC-003,ROOM-0045,2026-02-01,diagnostic,5,5,5,0,0,0,45,synthetic_booking_summary
ACT-00280,SVC-003,ROOM-0051,2024-06-01,diagnostic,10,9,9,0,0,0,45,synthetic_booking_summary
ACT-00281,SVC-003,ROOM-0051,2024-12-01,diagnostic,11,11,11,0,0,0,45,synthetic_booking_summary
ACT-00282,SVC-003,ROOM-0051,2025-01-01,diagnostic,8,0,0,0,0,8,45,synthetic_booking_summary
ACT-00283,SVC-003,ROOM-0051,2025-02-01,diagnostic,11,11,11,0,0,0,45,synthetic_booking_summary
ACT-00284,SVC-003,ROOM-0051,2025-04-01,diagnostic,7,0,0,0,0,7,45,synthetic_booking_summary
ACT-00285,SVC-003,ROOM-0051,2025-05-01,diagnostic,10,10,10,0,0,0,45,synthetic_booking_summary
ACT-00286,SVC-003,ROOM-0051,2025-06-01,diagnostic,4,2,2,0,0,0,45,synthetic_booking_summary
ACT-00287,SVC-003,ROOM-0051,2025-09-01,diagnostic,7,5,5,0,0,0,45,synthetic_booking_summary
ACT-00288,SVC-003,ROOM-0051,2025-10-01,diagnostic,10,10,10,0,0,0,45,synthetic_booking_summary
ACT-00289,SVC-003,ROOM-0051,2025-11-01,diagnostic,13,11,11,0,0,0,45,synthetic_booking_summary
ACT-00290,SVC-003,ROOM-0051,2025-12-01,diagnostic,11,11,11,0,0,0,45,synthetic_booking_summary
ACT-00291,SVC-003,ROOM-0051,2026-02-01,diagnostic,11,9,9,0,0,0,45,synthetic_booking_summary
ACT-00292,SVC-004,ROOM-0002,2024-05-01,procedure,22,9,9,0,0,11,45,synthetic_booking_summary
ACT-00293,SVC-004,ROOM-0002,2024-06-01,procedure,5,4,4,0,0,0,45,synthetic_booking_summary
ACT-00294,SVC-004,ROOM-0002,2024-07-01,procedure,11,10,10,0,0,0,45,synthetic_booking_summary
ACT-00295,SVC-004,ROOM-0002,2024-08-01,procedure,13,12,12,0,0,0,45,synthetic_booking_summary
ACT-00296,SVC-004,ROOM-0002,2024-10-01,procedure,5,3,3,0,0,0,45,synthetic_booking_summary
ACT-00297,SVC-004,ROOM-0002,2024-12-01,procedure,21,20,20,0,0,0,45,synthetic_booking_summary
ACT-00298,SVC-004,ROOM-0002,2025-03-01,procedure,5,4,4,0,0,0,45,synthetic_booking_summary
ACT-00299,SVC-004,ROOM-0002,2025-06-01,procedure,11,10,10,0,0,0,45,synthetic_booking_summary
ACT-00300,SVC-004,ROOM-0002,2025-09-01,procedure,19,0,0,0,8,11,45,synthetic_booking_summary
ACT-00301,SVC-004,ROOM-0002,2025-10-01,procedure,19,17,17,0,0,0,45,synthetic_booking_summary
ACT-00302,SVC-004,ROOM-0002,2025-12-01,procedure,6,4,4,0,0,0,45,synthetic_booking_summary
ACT-00303,SVC-004,ROOM-0002,2026-02-01,procedure,9,9,9,0,0,0,45,synthetic_booking_summary
ACT-00304,SVC-004,ROOM-0008,2024-05-01,procedure,16,14,14,0,0,0,45,synthetic_booking_summary
ACT-00305,SVC-004,ROOM-0008,2024-07-01,procedure,21,6,6,0,5,8,45,synthetic_booking_summary
ACT-00306,SVC-004,ROOM-0008,2024-12-01,procedure,9,8,8,0,0,0,45,synthetic_booking_summary
ACT-00307,SVC-004,ROOM-0008,2025-03-01,procedure,11,0,0,0,0,11,45,synthetic_booking_summary
ACT-00308,SVC-004,ROOM-0008,2025-04-01,procedure,32,26,26,0,0,0,45,synthetic_booking_summary
ACT-00309,SVC-004,ROOM-0008,2025-06-01,procedure,22,22,22,0,0,0,45,synthetic_booking_summary
ACT-00310,SVC-004,ROOM-0008,2025-09-01,procedure,5,0,0,0,0,5,45,synthetic_booking_summary
ACT-00311,SVC-004,ROOM-0008,2025-10-01,procedure,8,0,0,0,0,8,45,synthetic_booking_summary
ACT-00312,SVC-004,ROOM-0008,2026-01-01,procedure,6,4,4,0,0,0,45,synthetic_booking_summary
ACT-00313,SVC-004,ROOM-0014,2024-07-01,procedure,22,10,10,0,0,11,45,synthetic_booking_summary
ACT-00314,SVC-004,ROOM-0014,2024-10-01,procedure,11,0,0,0,0,11,45,synthetic_booking_summary
ACT-00315,SVC-004,ROOM-0014,2025-01-01,procedure,9,9,9,0,0,0,45,synthetic_booking_summary
ACT-00316,SVC-004,ROOM-0014,2025-04-01,procedure,5,3,3,0,0,0,45,synthetic_booking_summary
ACT-00317,SVC-004,ROOM-0014,2025-06-01,procedure,11,10,10,0,0,0,45,synthetic_booking_summary
ACT-00318,SVC-004,ROOM-0014,2025-11-01,procedure,6,5,5,0,0,0,45,synthetic_booking_summary
ACT-00319,SVC-004,ROOM-0014,2026-01-01,procedure,12,12,12,0,0,0,45,synthetic_booking_summary
ACT-00320,SVC-004,ROOM-0020,2024-05-01,procedure,8,7,7,0,0,0,45,synthetic_booking_summary
ACT-00321,SVC-004,ROOM-0020,2024-10-01,procedure,5,5,5,0,0,0,45,synthetic_booking_summary
ACT-00322,SVC-004,ROOM-0020,2025-01-01,procedure,6,0,0,0,6,0,45,synthetic_booking_summary
ACT-00323,SVC-004,ROOM-0020,2025-02-01,procedure,9,7,7,0,0,0,45,synthetic_booking_summary
ACT-00324,SVC-004,ROOM-0020,2025-05-01,procedure,5,0,0,0,5,0,45,synthetic_booking_summary
ACT-00325,SVC-004,ROOM-0020,2025-09-01,procedure,11,0,0,0,0,11,45,synthetic_booking_summary
ACT-00326,SVC-004,ROOM-0020,2025-11-01,procedure,9,8,8,0,0,0,45,synthetic_booking_summary
ACT-00327,SVC-004,ROOM-0020,2025-12-01,procedure,6,0,0,0,6,0,45,synthetic_booking_summary
ACT-00328,SVC-004,ROOM-0020,2026-03-01,procedure,16,14,14,0,0,0,45,synthetic_booking_summary
ACT-00329,SVC-004,ROOM-0026,2024-04-01,procedure,8,6,6,0,0,0,45,synthetic_booking_summary
ACT-00330,SVC-004,ROOM-0026,2024-10-01,procedure,5,5,5,0,0,0,45,synthetic_booking_summary
ACT-00331,SVC-004,ROOM-0026,2024-12-01,procedure,9,7,7,0,0,0,45,synthetic_booking_summary
ACT-00332,SVC-004,ROOM-0026,2025-01-01,procedure,12,12,12,0,0,0,45,synthetic_booking_summary
ACT-00333,SVC-004,ROOM-0026,2025-03-01,procedure,5,5,5,0,0,0,45,synthetic_booking_summary
ACT-00334,SVC-004,ROOM-0026,2025-05-01,procedure,11,9,9,0,0,0,45,synthetic_booking_summary
ACT-00335,SVC-004,ROOM-0026,2025-09-01,procedure,16,15,15,0,0,0,45,synthetic_booking_summary
ACT-00336,SVC-004,ROOM-0026,2025-11-01,procedure,12,12,12,0,0,0,45,synthetic_booking_summary
ACT-00337,SVC-004,ROOM-0032,2024-05-01,procedure,8,8,8,0,0,0,45,synthetic_booking_summary
ACT-00338,SVC-004,ROOM-0032,2024-08-01,procedure,16,15,15,0,0,0,45,synthetic_booking_summary
ACT-00339,SVC-004,ROOM-0032,2024-09-01,procedure,8,6,6,0,0,0,45,synthetic_booking_summary
ACT-00340,SVC-004,ROOM-0032,2024-10-01,procedure,5,3,3,0,0,0,45,synthetic_booking_summary
ACT-00341,SVC-004,ROOM-0032,2024-11-01,procedure,6,6,6,0,0,0,45,synthetic_booking_summary
ACT-00342,SVC-004,ROOM-0032,2025-01-01,procedure,9,7,7,0,0,0,45,synthetic_booking_summary
ACT-00343,SVC-004,ROOM-0032,2025-05-01,procedure,11,10,10,0,0,0,45,synthetic_booking_summary
ACT-00344,SVC-004,ROOM-0032,2025-07-01,procedure,11,9,9,0,0,0,45,synthetic_booking_summary
ACT-00345,SVC-004,ROOM-0032,2025-08-01,procedure,5,0,0,0,5,0,45,synthetic_booking_summary
ACT-00346,SVC-004,ROOM-0032,2025-09-01,procedure,5,3,3,0,0,0,45,synthetic_booking_summary
ACT-00347,SVC-004,ROOM-0032,2025-10-01,procedure,5,5,5,0,0,0,45,synthetic_booking_summary
ACT-00348,SVC-004,ROOM-0032,2026-02-01,procedure,6,5,5,0,0,0,45,synthetic_booking_summary
ACT-00349,SVC-004,ROOM-0032,2026-03-01,procedure,13,10,10,0,0,0,45,synthetic_booking_summary
ACT-00350,SVC-004,ROOM-0038,2024-05-01,procedure,8,6,6,0,0,0,45,synthetic_booking_summary
ACT-00351,SVC-004,ROOM-0038,2024-09-01,procedure,18,15,15,0,0,0,45,synthetic_booking_summary
ACT-00352,SVC-004,ROOM-0038,2025-06-01,procedure,13,10,10,0,0,0,45,synthetic_booking_summary
ACT-00353,SVC-004,ROOM-0038,2025-11-01,procedure,12,12,12,0,0,0,45,synthetic_booking_summary
ACT-00354,SVC-004,ROOM-0038,2026-03-01,procedure,8,7,7,0,0,0,45,synthetic_booking_summary
ACT-00355,SVC-004,ROOM-0044,2024-05-01,procedure,8,6,6,0,0,0,45,synthetic_booking_summary
ACT-00356,SVC-004,ROOM-0044,2024-08-01,procedure,11,0,0,0,0,11,45,synthetic_booking_summary
ACT-00357,SVC-004,ROOM-0044,2024-10-01,procedure,8,0,0,0,0,8,45,synthetic_booking_summary
ACT-00358,SVC-004,ROOM-0044,2024-12-01,procedure,39,27,27,0,0,12,45,synthetic_booking_summary
ACT-00359,SVC-004,ROOM-0044,2025-06-01,procedure,16,16,16,0,0,0,45,synthetic_booking_summary
ACT-00360,SVC-004,ROOM-0044,2025-07-01,procedure,11,9,9,0,0,0,45,synthetic_booking_summary
ACT-00361,SVC-004,ROOM-0044,2025-11-01,procedure,9,0,0,0,0,9,45,synthetic_booking_summary
ACT-00362,SVC-004,ROOM-0044,2025-12-01,procedure,9,0,0,0,0,9,45,synthetic_booking_summary
ACT-00363,SVC-004,ROOM-0044,2026-01-01,procedure,12,12,12,0,0,0,45,synthetic_booking_summary
ACT-00364,SVC-004,ROOM-0044,2026-03-01,procedure,13,4,4,0,0,8,45,synthetic_booking_summary
ACT-00365,SVC-004,ROOM-0050,2024-04-01,procedure,5,5,5,0,0,0,45,synthetic_booking_summary
ACT-00366,SVC-004,ROOM-0050,2024-05-01,procedure,5,4,4,0,0,0,45,synthetic_booking_summary
ACT-00367,SVC-004,ROOM-0050,2024-07-01,procedure,13,9,9,0,0,0,45,synthetic_booking_summary
ACT-00368,SVC-004,ROOM-0050,2024-10-01,procedure,8,8,8,0,0,0,45,synthetic_booking_summary
ACT-00369,SVC-004,ROOM-0050,2024-11-01,procedure,12,10,10,0,0,0,45,synthetic_booking_summary
ACT-00370,SVC-004,ROOM-0050,2025-01-01,procedure,9,7,7,0,0,0,45,synthetic_booking_summary
ACT-00371,SVC-004,ROOM-0050,2025-04-01,procedure,5,4,4,0,0,0,45,synthetic_booking_summary
ACT-00372,SVC-004,ROOM-0050,2025-05-01,procedure,5,3,3,0,0,0,45,synthetic_booking_summary
ACT-00373,SVC-004,ROOM-0050,2025-07-01,procedure,16,12,12,0,0,0,45,synthetic_booking_summary
ACT-00374,SVC-004,ROOM-0050,2025-08-01,procedure,11,10,10,0,0,0,45,synthetic_booking_summary
ACT-00375,SVC-004,ROOM-0050,2025-09-01,procedure,11,10,10,0,0,0,45,synthetic_booking_summary
ACT-00376,SVC-004,ROOM-0050,2026-02-01,procedure,12,12,12,0,0,0,45,synthetic_booking_summary
ACT-00377,SVC-004,ROOM-0056,2024-04-01,procedure,11,10,10,0,0,0,45,synthetic_booking_summary
ACT-00378,SVC-004,ROOM-0056,2024-07-01,procedure,11,11,11,0,0,0,45,synthetic_booking_summary
ACT-00379,SVC-004,ROOM-0056,2024-09-01,procedure,8,8,8,0,0,0,45,synthetic_booking_summary
ACT-00380,SVC-004,ROOM-0056,2025-04-01,procedure,13,11,11,0,0,0,45,synthetic_booking_summary
ACT-00381,SVC-004,ROOM-0056,2025-08-01,procedure,16,13,13,0,0,0,45,synthetic_booking_summary
ACT-00382,SVC-004,ROOM-0056,2025-11-01,procedure,12,11,11,0,0,0,45,synthetic_booking_summary
ACT-00383,SVC-004,ROOM-0056,2026-01-01,procedure,9,7,7,0,0,0,45,synthetic_booking_summary
ACT-00384,SVC-004,ROOM-0056,2026-03-01,procedure,11,0,0,0,11,0,45,synthetic_booking_summary
ACT-00385,SVC-005,ROOM-0005,2024-08-01,administrative,12,11,10,1,0,0,45,synthetic_booking_summary
ACT-00386,SVC-005,ROOM-0005,2024-09-01,administrative,12,11,10,1,0,0,45,synthetic_booking_summary
ACT-00387,SVC-005,ROOM-0005,2024-12-01,administrative,25,21,18,3,0,0,45,synthetic_booking_summary
ACT-00388,SVC-005,ROOM-0005,2025-02-01,administrative,24,20,17,3,0,0,45,synthetic_booking_summary
ACT-00389,SVC-005,ROOM-0005,2025-03-01,administrative,12,11,10,1,0,0,45,synthetic_booking_summary
ACT-00390,SVC-005,ROOM-0005,2025-04-01,administrative,12,11,10,1,0,0,45,synthetic_booking_summary
ACT-00391,SVC-005,ROOM-0005,2025-05-01,administrative,24,23,20,3,0,0,45,synthetic_booking_summary
ACT-00392,SVC-005,ROOM-0005,2025-06-01,administrative,12,11,10,1,0,0,45,synthetic_booking_summary
ACT-00393,SVC-005,ROOM-0005,2025-08-01,administrative,24,10,9,1,0,12,45,synthetic_booking_summary
ACT-00394,SVC-005,ROOM-0005,2025-11-01,administrative,24,22,19,3,0,0,45,synthetic_booking_summary
ACT-00395,SVC-005,ROOM-0005,2025-12-01,administrative,12,0,0,0,0,12,45,synthetic_booking_summary
ACT-00396,SVC-005,ROOM-0011,2024-05-01,administrative,24,21,18,3,0,0,45,synthetic_booking_summary
ACT-00397,SVC-005,ROOM-0011,2024-06-01,administrative,12,11,10,1,0,0,45,synthetic_booking_summary
ACT-00398,SVC-005,ROOM-0011,2024-11-01,administrative,13,13,12,1,0,0,45,synthetic_booking_summary
ACT-00399,SVC-005,ROOM-0011,2024-12-01,administrative,13,11,10,1,0,0,45,synthetic_booking_summary
ACT-00400,SVC-005,ROOM-0011,2025-01-01,administrative,13,11,10,1,0,0,45,synthetic_booking_summary
ACT-00401,SVC-005,ROOM-0011,2025-03-01,administrative,12,10,9,1,0,0,45,synthetic_booking_summary
ACT-00402,SVC-005,ROOM-0011,2025-04-01,administrative,36,34,29,5,0,0,45,synthetic_booking_summary
ACT-00403,SVC-005,ROOM-0011,2025-07-01,administrative,12,12,11,1,0,0,45,synthetic_booking_summary
ACT-00404,SVC-005,ROOM-0011,2025-09-01,administrative,12,10,9,1,0,0,45,synthetic_booking_summary
ACT-00405,SVC-005,ROOM-0011,2026-01-01,administrative,12,10,9,1,0,0,45,synthetic_booking_summary
ACT-00406,SVC-005,ROOM-0011,2026-02-01,administrative,12,10,9,1,0,0,45,synthetic_booking_summary
ACT-00407,SVC-005,ROOM-0017,2024-05-01,administrative,12,11,10,1,0,0,45,synthetic_booking_summary
ACT-00408,SVC-005,ROOM-0017,2024-08-01,administrative,12,12,11,1,0,0,45,synthetic_booking_summary
ACT-00409,SVC-005,ROOM-0017,2024-10-01,administrative,12,12,11,1,0,0,45,synthetic_booking_summary
ACT-00410,SVC-005,ROOM-0017,2024-11-01,administrative,24,20,17,3,0,0,45,synthetic_booking_summary
ACT-00411,SVC-005,ROOM-0017,2024-12-01,administrative,12,0,0,0,0,12,45,synthetic_booking_summary
ACT-00412,SVC-005,ROOM-0017,2025-01-01,administrative,13,0,0,0,0,13,45,synthetic_booking_summary
ACT-00413,SVC-005,ROOM-0017,2025-03-01,administrative,12,11,10,1,0,0,45,synthetic_booking_summary
ACT-00414,SVC-005,ROOM-0017,2025-05-01,administrative,12,10,9,1,0,0,45,synthetic_booking_summary
ACT-00415,SVC-005,ROOM-0017,2025-09-01,administrative,12,10,9,1,0,0,45,synthetic_booking_summary
ACT-00416,SVC-005,ROOM-0017,2026-01-01,administrative,12,12,11,1,0,0,45,synthetic_booking_summary
ACT-00417,SVC-005,ROOM-0023,2024-05-01,administrative,24,24,21,3,0,0,45,synthetic_booking_summary
ACT-00418,SVC-005,ROOM-0023,2024-06-01,administrative,12,11,10,1,0,0,45,synthetic_booking_summary
ACT-00419,SVC-005,ROOM-0023,2024-07-01,administrative,24,21,18,3,0,0,45,synthetic_booking_summary
ACT-00420,SVC-005,ROOM-0023,2024-08-01,administrative,12,12,11,1,0,0,45,synthetic_booking_summary
ACT-00421,SVC-005,ROOM-0023,2024-10-01,administrative,12,10,9,1,0,0,45,synthetic_booking_summary
ACT-00422,SVC-005,ROOM-0023,2024-12-01,administrative,12,12,11,1,0,0,45,synthetic_booking_summary
ACT-00423,SVC-005,ROOM-0023,2025-05-01,administrative,12,10,9,1,0,0,45,synthetic_booking_summary
ACT-00424,SVC-005,ROOM-0023,2025-06-01,administrative,24,21,18,3,0,0,45,synthetic_booking_summary
ACT-00425,SVC-005,ROOM-0023,2025-07-01,administrative,12,10,9,1,0,0,45,synthetic_booking_summary
ACT-00426,SVC-005,ROOM-0023,2025-08-01,administrative,12,11,10,1,0,0,45,synthetic_booking_summary
ACT-00427,SVC-005,ROOM-0023,2025-09-01,administrative,12,10,9,1,0,0,45,synthetic_booking_summary
ACT-00428,SVC-005,ROOM-0023,2025-11-01,administrative,12,11,10,1,0,0,45,synthetic_booking_summary
ACT-00429,SVC-005,ROOM-0029,2024-05-01,administrative,24,21,18,3,0,0,45,synthetic_booking_summary
ACT-00430,SVC-005,ROOM-0029,2024-10-01,administrative,12,10,9,1,0,0,45,synthetic_booking_summary
ACT-00431,SVC-005,ROOM-0029,2024-11-01,administrative,12,11,10,1,0,0,45,synthetic_booking_summary
ACT-00432,SVC-005,ROOM-0029,2025-01-01,administrative,12,10,9,1,0,0,45,synthetic_booking_summary
ACT-00433,SVC-005,ROOM-0029,2025-02-01,administrative,12,10,9,1,0,0,45,synthetic_booking_summary
ACT-00434,SVC-005,ROOM-0029,2025-03-01,administrative,12,12,11,1,0,0,45,synthetic_booking_summary
ACT-00435,SVC-005,ROOM-0029,2025-04-01,administrative,12,0,0,0,12,0,45,synthetic_booking_summary
ACT-00436,SVC-005,ROOM-0029,2025-05-01,administrative,12,12,11,1,0,0,45,synthetic_booking_summary
ACT-00437,SVC-005,ROOM-0029,2025-07-01,administrative,24,23,20,3,0,0,45,synthetic_booking_summary
ACT-00438,SVC-005,ROOM-0029,2025-09-01,administrative,12,12,11,1,0,0,45,synthetic_booking_summary
ACT-00439,SVC-005,ROOM-0029,2025-12-01,administrative,12,0,0,0,12,0,45,synthetic_booking_summary
ACT-00440,SVC-005,ROOM-0029,2026-01-01,administrative,13,13,12,1,0,0,45,synthetic_booking_summary
ACT-00441,SVC-005,ROOM-0029,2026-03-01,administrative,24,22,19,3,0,0,45,synthetic_booking_summary
ACT-00442,SVC-005,ROOM-0035,2024-07-01,administrative,12,12,11,1,0,0,45,synthetic_booking_summary
ACT-00443,SVC-005,ROOM-0035,2024-08-01,administrative,12,0,0,0,0,12,45,synthetic_booking_summary
ACT-00444,SVC-005,ROOM-0035,2025-01-01,administrative,13,11,10,1,0,0,45,synthetic_booking_summary
ACT-00445,SVC-005,ROOM-0035,2025-04-01,administrative,36,33,29,4,0,0,45,synthetic_booking_summary
ACT-00446,SVC-005,ROOM-0035,2025-05-01,administrative,24,20,17,3,0,0,45,synthetic_booking_summary
ACT-00447,SVC-005,ROOM-0035,2025-11-01,administrative,12,10,9,1,0,0,45,synthetic_booking_summary
ACT-00448,SVC-005,ROOM-0035,2026-03-01,administrative,24,24,21,3,0,0,45,synthetic_booking_summary
ACT-00449,SVC-005,ROOM-0041,2024-04-01,administrative,24,21,18,3,0,0,45,synthetic_booking_summary
ACT-00450,SVC-005,ROOM-0041,2024-05-01,administrative,12,12,11,1,0,0,45,synthetic_booking_summary
ACT-00451,SVC-005,ROOM-0041,2024-07-01,administrative,24,10,9,1,0,12,45,synthetic_booking_summary
ACT-00452,SVC-005,ROOM-0041,2024-10-01,administrative,12,10,9,1,0,0,45,synthetic_booking_summary
ACT-00453,SVC-005,ROOM-0041,2025-02-01,administrative,12,12,11,1,0,0,45,synthetic_booking_summary
ACT-00454,SVC-005,ROOM-0041,2025-03-01,administrative,12,11,10,1,0,0,45,synthetic_booking_summary
ACT-00455,SVC-005,ROOM-0041,2025-06-01,administrative,12,10,9,1,0,0,45,synthetic_booking_summary
ACT-00456,SVC-005,ROOM-0041,2025-07-01,administrative,12,10,9,1,0,0,45,synthetic_booking_summary
ACT-00457,SVC-005,ROOM-0041,2025-08-01,administrative,12,10,9,1,0,0,45,synthetic_booking_summary
ACT-00458,SVC-005,ROOM-0041,2025-09-01,administrative,12,12,11,1,0,0,45,synthetic_booking_summary
ACT-00459,SVC-005,ROOM-0041,2026-02-01,administrative,12,12,11,1,0,0,45,synthetic_booking_summary
ACT-00460,SVC-005,ROOM-0047,2024-04-01,administrative,24,24,21,3,0,0,45,synthetic_booking_summary
ACT-00461,SVC-005,ROOM-0047,2024-06-01,administrative,24,23,20,3,0,0,45,synthetic_booking_summary
ACT-00462,SVC-005,ROOM-0047,2024-07-01,administrative,24,24,21,3,0,0,45,synthetic_booking_summary
ACT-00463,SVC-005,ROOM-0047,2024-10-01,administrative,12,12,11,1,0,0,45,synthetic_booking_summary
ACT-00464,SVC-005,ROOM-0047,2024-12-01,administrative,12,11,10,1,0,0,45,synthetic_booking_summary
ACT-00465,SVC-005,ROOM-0047,2025-03-01,administrative,12,11,10,1,0,0,45,synthetic_booking_summary
ACT-00466,SVC-005,ROOM-0047,2025-07-01,administrative,12,10,9,1,0,0,45,synthetic_booking_summary
ACT-00467,SVC-005,ROOM-0047,2025-08-01,administrative,24,23,20,3,0,0,45,synthetic_booking_summary
ACT-00468,SVC-005,ROOM-0047,2025-10-01,administrative,12,12,11,1,0,0,45,synthetic_booking_summary
ACT-00469,SVC-005,ROOM-0047,2025-11-01,administrative,13,12,11,1,0,0,45,synthetic_booking_summary
ACT-00470,SVC-005,ROOM-0047,2025-12-01,administrative,26,23,20,3,0,0,45,synthetic_booking_summary
ACT-00471,SVC-005,ROOM-0047,2026-01-01,administrative,13,13,12,1,0,0,45,synthetic_booking_summary
ACT-00472,SVC-005,ROOM-0047,2026-02-01,administrative,38,36,31,5,0,0,45,synthetic_booking_summary
ACT-00473,SVC-005,ROOM-0053,2024-05-01,administrative,24,21,18,3,0,0,45,synthetic_booking_summary
ACT-00474,SVC-005,ROOM-0053,2024-07-01,administrative,12,12,11,1,0,0,45,synthetic_booking_summary
ACT-00475,SVC-005,ROOM-0053,2025-03-01,administrative,12,10,9,1,0,0,45,synthetic_booking_summary
ACT-00476,SVC-005,ROOM-0053,2025-07-01,administrative,12,12,11,1,0,0,45,synthetic_booking_summary
ACT-00477,SVC-005,ROOM-0053,2026-01-01,administrative,12,10,9,1,0,0,45,synthetic_booking_summary
ACT-00478,SVC-006,ROOM-0006,2024-05-01,follow_up,17,7,7,0,0,10,45,synthetic_booking_summary
ACT-00479,SVC-006,ROOM-0006,2025-01-01,follow_up,11,0,0,0,11,0,45,synthetic_booking_summary
ACT-00480,SVC-006,ROOM-0006,2025-03-01,follow_up,10,8,8,0,0,0,45,synthetic_booking_summary
ACT-00481,SVC-006,ROOM-0006,2025-05-01,follow_up,17,13,13,0,0,0,45,synthetic_booking_summary
ACT-00482,SVC-006,ROOM-0006,2025-07-01,follow_up,7,6,6,0,0,0,45,synthetic_booking_summary
ACT-00483,SVC-006,ROOM-0006,2025-09-01,follow_up,10,8,8,0,0,0,45,synthetic_booking_summary
ACT-00484,SVC-006,ROOM-0006,2025-10-01,follow_up,5,4,4,0,0,0,45,synthetic_booking_summary
ACT-00485,SVC-006,ROOM-0006,2026-01-01,follow_up,30,26,25,1,0,0,45,synthetic_booking_summary
ACT-00486,SVC-006,ROOM-0006,2026-03-01,follow_up,12,9,9,0,0,0,45,synthetic_booking_summary
ACT-00487,SVC-006,ROOM-0012,2024-04-01,follow_up,24,24,23,1,0,0,45,synthetic_booking_summary
ACT-00488,SVC-006,ROOM-0012,2024-05-01,follow_up,12,11,11,0,0,0,45,synthetic_booking_summary
ACT-00489,SVC-006,ROOM-0012,2024-07-01,follow_up,12,10,10,0,0,0,45,synthetic_booking_summary
ACT-00490,SVC-006,ROOM-0012,2024-09-01,follow_up,10,8,8,0,0,0,45,synthetic_booking_summary
ACT-00491,SVC-006,ROOM-0012,2024-10-01,follow_up,5,4,4,0,0,0,45,synthetic_booking_summary
ACT-00492,SVC-006,ROOM-0012,2024-11-01,follow_up,5,5,5,0,0,0,45,synthetic_booking_summary
ACT-00493,SVC-006,ROOM-0012,2025-02-01,follow_up,11,10,10,0,0,0,45,synthetic_booking_summary
ACT-00494,SVC-006,ROOM-0012,2025-05-01,follow_up,20,16,16,0,0,0,45,synthetic_booking_summary
ACT-00495,SVC-006,ROOM-0012,2025-08-01,follow_up,5,5,5,0,0,0,45,synthetic_booking_summary
ACT-00496,SVC-006,ROOM-0012,2025-12-01,follow_up,5,5,5,0,0,0,45,synthetic_booking_summary
ACT-00497,SVC-006,ROOM-0018,2024-04-01,follow_up,7,7,7,0,0,0,45,synthetic_booking_summary
ACT-00498,SVC-006,ROOM-0018,2024-06-01,follow_up,17,11,11,0,0,0,45,synthetic_booking_summary
ACT-00499,SVC-006,ROOM-0018,2024-08-01,follow_up,7,5,5,0,0,0,45,synthetic_booking_summary
ACT-00500,SVC-006,ROOM-0018,2024-12-01,follow_up,8,6,6,0,0,0,45,synthetic_booking_summary
ACT-00501,SVC-006,ROOM-0018,2025-02-01,follow_up,5,3,3,0,0,0,45,synthetic_booking_summary
ACT-00502,SVC-006,ROOM-0018,2025-06-01,follow_up,10,8,8,0,0,0,45,synthetic_booking_summary
ACT-00503,SVC-006,ROOM-0018,2025-07-01,follow_up,15,12,12,0,0,0,45,synthetic_booking_summary
ACT-00504,SVC-006,ROOM-0018,2025-08-01,follow_up,7,0,0,0,7,0,45,synthetic_booking_summary
ACT-00505,SVC-006,ROOM-0018,2026-01-01,follow_up,8,6,6,0,0,0,45,synthetic_booking_summary
ACT-00506,SVC-006,ROOM-0018,2026-02-01,follow_up,11,11,11,0,0,0,45,synthetic_booking_summary
ACT-00507,SVC-006,ROOM-0024,2024-06-01,follow_up,10,9,9,0,0,0,45,synthetic_booking_summary
ACT-00508,SVC-006,ROOM-0024,2024-07-01,follow_up,7,7,7,0,0,0,45,synthetic_booking_summary
ACT-00509,SVC-006,ROOM-0024,2024-09-01,follow_up,7,5,5,0,0,0,45,synthetic_booking_summary
ACT-00510,SVC-006,ROOM-0024,2024-12-01,follow_up,8,0,0,0,0,8,45,synthetic_booking_summary
ACT-00511,SVC-006,ROOM-0024,2025-01-01,follow_up,8,6,6,0,0,0,45,synthetic_booking_summary
ACT-00512,SVC-006,ROOM-0024,2025-04-01,follow_up,7,7,7,0,0,0,45,synthetic_booking_summary
ACT-00513,SVC-006,ROOM-0024,2025-05-01,follow_up,17,6,6,0,10,0,45,synthetic_booking_summary
ACT-00514,SVC-006,ROOM-0024,2025-07-01,follow_up,10,9,9,0,0,0,45,synthetic_booking_summary
ACT-00515,SVC-006,ROOM-0024,2025-09-01,follow_up,7,6,6,0,0,0,45,synthetic_booking_summary
ACT-00516,SVC-006,ROOM-0024,2025-10-01,follow_up,10,10,10,0,0,0,45,synthetic_booking_summary
ACT-00517,SVC-006,ROOM-0024,2025-12-01,follow_up,5,3,3,0,0,0,45,synthetic_booking_summary
ACT-00518,SVC-006,ROOM-0024,2026-02-01,follow_up,5,4,4,0,0,0,45,synthetic_booking_summary
ACT-00519,SVC-006,ROOM-0030,2024-04-01,follow_up,7,7,7,0,0,0,45,synthetic_booking_summary
ACT-00520,SVC-006,ROOM-0030,2024-07-01,follow_up,7,6,6,0,0,0,45,synthetic_booking_summary
ACT-00521,SVC-006,ROOM-0030,2024-10-01,follow_up,10,10,10,0,0,0,45,synthetic_booking_summary
ACT-00522,SVC-006,ROOM-0030,2024-12-01,follow_up,22,22,21,1,0,0,45,synthetic_booking_summary
ACT-00523,SVC-006,ROOM-0030,2025-01-01,follow_up,8,0,0,0,0,8,45,synthetic_booking_summary
ACT-00524,SVC-006,ROOM-0030,2025-05-01,follow_up,7,7,7,0,0,0,45,synthetic_booking_summary
ACT-00525,SVC-006,ROOM-0030,2025-06-01,follow_up,10,0,0,0,0,10,45,synthetic_booking_summary
ACT-00526,SVC-006,ROOM-0030,2025-09-01,follow_up,5,5,5,0,0,0,45,synthetic_booking_summary
ACT-00527,SVC-006,ROOM-0030,2025-11-01,follow_up,10,8,8,0,0,0,45,synthetic_booking_summary
ACT-00528,SVC-006,ROOM-0030,2026-03-01,follow_up,5,4,4,0,0,0,45,synthetic_booking_summary
ACT-00529,SVC-006,ROOM-0036,2024-07-01,follow_up,7,6,6,0,0,0,45,synthetic_booking_summary
ACT-00530,SVC-006,ROOM-0036,2024-08-01,follow_up,10,8,8,0,0,0,45,synthetic_booking_summary
ACT-00531,SVC-006,ROOM-0036,2024-10-01,follow_up,5,4,4,0,0,0,45,synthetic_booking_summary
ACT-00532,SVC-006,ROOM-0036,2024-12-01,follow_up,5,5,5,0,0,0,45,synthetic_booking_summary
ACT-00533,SVC-006,ROOM-0036,2025-02-01,follow_up,11,11,11,0,0,0,45,synthetic_booking_summary
ACT-00534,SVC-006,ROOM-0036,2025-03-01,follow_up,7,0,0,0,7,0,45,synthetic_booking_summary
ACT-00535,SVC-006,ROOM-0036,2025-06-01,follow_up,12,10,10,0,0,0,45,synthetic_booking_summary
ACT-00536,SVC-006,ROOM-0036,2025-08-01,follow_up,10,8,8,0,0,0,45,synthetic_booking_summary
ACT-00537,SVC-006,ROOM-0036,2025-09-01,follow_up,5,4,4,0,0,0,45,synthetic_booking_summary
ACT-00538,SVC-006,ROOM-0036,2025-11-01,follow_up,5,0,0,0,0,5,45,synthetic_booking_summary
ACT-00539,SVC-006,ROOM-0036,2025-12-01,follow_up,11,11,11,0,0,0,45,synthetic_booking_summary
ACT-00540,SVC-006,ROOM-0042,2024-05-01,follow_up,10,10,10,0,0,0,45,synthetic_booking_summary
ACT-00541,SVC-006,ROOM-0042,2024-07-01,follow_up,17,9,9,0,7,0,45,synthetic_booking_summary
ACT-00542,SVC-006,ROOM-0042,2025-01-01,follow_up,11,10,10,0,0,0,45,synthetic_booking_summary
ACT-00543,SVC-006,ROOM-0042,2025-04-01,follow_up,17,6,6,0,0,10,45,synthetic_booking_summary
ACT-00544,SVC-006,ROOM-0042,2025-05-01,follow_up,12,10,10,0,0,0,45,synthetic_booking_summary
ACT-00545,SVC-006,ROOM-0042,2025-06-01,follow_up,10,0,0,0,5,5,45,synthetic_booking_summary
ACT-00546,SVC-006,ROOM-0042,2025-10-01,follow_up,10,10,10,0,0,0,45,synthetic_booking_summary
ACT-00547,SVC-006,ROOM-0042,2025-12-01,follow_up,11,11,11,0,0,0,45,synthetic_booking_summary
ACT-00548,SVC-006,ROOM-0042,2026-02-01,follow_up,11,0,0,0,11,0,45,synthetic_booking_summary
ACT-00549,SVC-006,ROOM-0048,2024-05-01,follow_up,15,3,3,0,0,10,45,synthetic_booking_summary
ACT-00550,SVC-006,ROOM-0048,2024-10-01,follow_up,5,0,0,0,0,5,45,synthetic_booking_summary
ACT-00551,SVC-006,ROOM-0048,2024-11-01,follow_up,22,21,20,1,0,0,45,synthetic_booking_summary
ACT-00552,SVC-006,ROOM-0048,2024-12-01,follow_up,11,9,9,0,0,0,45,synthetic_booking_summary
ACT-00553,SVC-006,ROOM-0048,2025-07-01,follow_up,10,8,8,0,0,0,45,synthetic_booking_summary
ACT-00554,SVC-006,ROOM-0048,2025-09-01,follow_up,7,7,7,0,0,0,45,synthetic_booking_summary
ACT-00555,SVC-006,ROOM-0048,2026-03-01,follow_up,10,0,0,0,0,10,45,synthetic_booking_summary
ACT-00556,SVC-006,ROOM-0054,2024-04-01,follow_up,5,5,5,0,0,0,45,synthetic_booking_summary
ACT-00557,SVC-006,ROOM-0054,2024-05-01,follow_up,27,22,21,1,0,0,45,synthetic_booking_summary
ACT-00558,SVC-006,ROOM-0054,2024-06-01,follow_up,10,10,10,0,0,0,45,synthetic_booking_summary
ACT-00559,SVC-006,ROOM-0054,2024-08-01,follow_up,19,17,17,0,0,0,45,synthetic_booking_summary
ACT-00560,SVC-006,ROOM-0054,2025-01-01,follow_up,11,11,11,0,0,0,45,synthetic_booking_summary
ACT-00561,SVC-006,ROOM-0054,2025-02-01,follow_up,5,0,0,0,5,0,45,synthetic_booking_summary
ACT-00562,SVC-006,ROOM-0054,2025-08-01,follow_up,5,3,3,0,0,0,45,synthetic_booking_summary
ACT-00563,SVC-006,ROOM-0054,2025-11-01,follow_up,27,24,23,1,0,0,45,synthetic_booking_summary
ACT-00564,SVC-006,ROOM-0054,2026-01-01,follow_up,16,14,14,0,0,0,45,synthetic_booking_summary
ACT-00565,SVC-007,ROOM-0001,2024-04-01,follow_up,8,7,7,0,0,0,30,synthetic_booking_summary
ACT-00566,SVC-007,ROOM-0001,2024-07-01,follow_up,8,8,8,0,0,0,30,synthetic_booking_summary
ACT-00567,SVC-007,ROOM-0001,2024-08-01,follow_up,8,7,7,0,0,0,30,synthetic_booking_summary
ACT-00568,SVC-007,ROOM-0001,2024-12-01,follow_up,12,11,10,1,0,0,30,synthetic_booking_summary
ACT-00569,SVC-007,ROOM-0001,2025-04-01,follow_up,5,5,5,0,0,0,30,synthetic_booking_summary
ACT-00570,SVC-007,ROOM-0001,2025-06-01,follow_up,11,10,9,1,0,0,30,synthetic_booking_summary
ACT-00571,SVC-007,ROOM-0001,2025-09-01,follow_up,11,11,10,1,0,0,30,synthetic_booking_summary
ACT-00572,SVC-007,ROOM-0001,2025-10-01,follow_up,8,8,8,0,0,0,30,synthetic_booking_summary
ACT-00573,SVC-007,ROOM-0001,2025-11-01,follow_up,9,8,8,0,0,0,30,synthetic_booking_summary
ACT-00574,SVC-007,ROOM-0001,2025-12-01,follow_up,15,12,11,1,0,0,30,synthetic_booking_summary
ACT-00575,SVC-007,ROOM-0001,2026-02-01,follow_up,6,6,6,0,0,0,30,synthetic_booking_summary
ACT-00576,SVC-007,ROOM-0001,2026-03-01,follow_up,16,14,13,1,0,0,30,synthetic_booking_summary
ACT-00577,SVC-007,ROOM-0007,2024-04-01,follow_up,5,5,5,0,0,0,30,synthetic_booking_summary
ACT-00578,SVC-007,ROOM-0007,2024-05-01,follow_up,5,4,4,0,0,0,30,synthetic_booking_summary
ACT-00579,SVC-007,ROOM-0007,2024-07-01,follow_up,11,0,0,0,0,11,30,synthetic_booking_summary
ACT-00580,SVC-007,ROOM-0007,2024-10-01,follow_up,8,6,6,0,0,0,30,synthetic_booking_summary
ACT-00581,SVC-007,ROOM-0007,2024-11-01,follow_up,12,12,11,1,0,0,30,synthetic_booking_summary
ACT-00582,SVC-007,ROOM-0007,2025-01-01,follow_up,12,0,0,0,0,12,30,synthetic_booking_summary
ACT-00583,SVC-007,ROOM-0007,2025-04-01,follow_up,5,0,0,0,5,0,30,synthetic_booking_summary
ACT-00584,SVC-007,ROOM-0007,2025-05-01,follow_up,11,9,9,0,0,0,30,synthetic_booking_summary
ACT-00585,SVC-007,ROOM-0007,2025-06-01,follow_up,11,9,9,0,0,0,30,synthetic_booking_summary
ACT-00586,SVC-007,ROOM-0007,2025-11-01,follow_up,6,5,5,0,0,0,30,synthetic_booking_summary
ACT-00587,SVC-007,ROOM-0007,2026-02-01,follow_up,6,6,6,0,0,0,30,synthetic_booking_summary
ACT-00588,SVC-007,ROOM-0013,2024-05-01,follow_up,8,6,6,0,0,0,30,synthetic_booking_summary
ACT-00589,SVC-007,ROOM-0013,2024-09-01,follow_up,5,3,3,0,0,0,30,synthetic_booking_summary
ACT-00590,SVC-007,ROOM-0013,2024-10-01,follow_up,8,0,0,0,8,0,30,synthetic_booking_summary
ACT-00591,SVC-007,ROOM-0013,2024-11-01,follow_up,9,9,9,0,0,0,30,synthetic_booking_summary
ACT-00592,SVC-007,ROOM-0013,2024-12-01,follow_up,9,8,8,0,0,0,30,synthetic_booking_summary
ACT-00593,SVC-007,ROOM-0013,2025-01-01,follow_up,9,7,7,0,0,0,30,synthetic_booking_summary
ACT-00594,SVC-007,ROOM-0013,2025-03-01,follow_up,5,5,5,0,0,0,30,synthetic_booking_summary
ACT-00595,SVC-007,ROOM-0013,2025-06-01,follow_up,5,0,0,0,0,5,30,synthetic_booking_summary
ACT-00596,SVC-007,ROOM-0013,2025-07-01,follow_up,5,4,4,0,0,0,30,synthetic_booking_summary
ACT-00597,SVC-007,ROOM-0013,2025-09-01,follow_up,16,13,12,1,0,0,30,synthetic_booking_summary
ACT-00598,SVC-007,ROOM-0013,2025-10-01,follow_up,5,3,3,0,0,0,30,synthetic_booking_summary
ACT-00599,SVC-007,ROOM-0019,2024-06-01,follow_up,5,4,4,0,0,0,30,synthetic_booking_summary
ACT-00600,SVC-007,ROOM-0019,2024-10-01,follow_up,11,11,10,1,0,0,30,synthetic_booking_summary
ACT-00601,SVC-007,ROOM-0019,2025-01-01,follow_up,9,8,8,0,0,0,30,synthetic_booking_summary
ACT-00602,SVC-007,ROOM-0019,2025-03-01,follow_up,8,8,8,0,0,0,30,synthetic_booking_summary
ACT-00603,SVC-007,ROOM-0019,2025-04-01,follow_up,8,6,6,0,0,0,30,synthetic_booking_summary
ACT-00604,SVC-007,ROOM-0019,2025-07-01,follow_up,5,3,3,0,0,0,30,synthetic_booking_summary
ACT-00605,SVC-007,ROOM-0019,2025-08-01,follow_up,5,5,5,0,0,0,30,synthetic_booking_summary
ACT-00606,SVC-007,ROOM-0019,2025-10-01,follow_up,5,4,4,0,0,0,30,synthetic_booking_summary
ACT-00607,SVC-007,ROOM-0025,2024-05-01,follow_up,11,11,10,1,0,0,30,synthetic_booking_summary
ACT-00608,SVC-007,ROOM-0025,2024-08-01,follow_up,5,3,3,0,0,0,30,synthetic_booking_summary
ACT-00609,SVC-007,ROOM-0025,2024-12-01,follow_up,18,4,4,0,12,0,30,synthetic_booking_summary
ACT-00610,SVC-007,ROOM-0025,2025-02-01,follow_up,6,5,5,0,0,0,30,synthetic_booking_summary
ACT-00611,SVC-007,ROOM-0025,2025-09-01,follow_up,8,7,7,0,0,0,30,synthetic_booking_summary
ACT-00612,SVC-007,ROOM-0025,2025-12-01,follow_up,12,12,11,1,0,0,30,synthetic_booking_summary
ACT-00613,SVC-007,ROOM-0025,2026-01-01,follow_up,6,4,4,0,0,0,30,synthetic_booking_summary
ACT-00614,SVC-007,ROOM-0025,2026-02-01,follow_up,27,23,21,2,0,0,30,synthetic_booking_summary
ACT-00615,SVC-007,ROOM-0025,2026-03-01,follow_up,8,6,6,0,0,0,30,synthetic_booking_summary
ACT-00616,SVC-007,ROOM-0031,2024-09-01,follow_up,16,13,12,1,0,0,30,synthetic_booking_summary
ACT-00617,SVC-007,ROOM-0031,2024-10-01,follow_up,8,8,8,0,0,0,30,synthetic_booking_summary
ACT-00618,SVC-007,ROOM-0031,2025-03-01,follow_up,8,0,0,0,8,0,30,synthetic_booking_summary
ACT-00619,SVC-007,ROOM-0031,2025-04-01,follow_up,8,0,0,0,0,8,30,synthetic_booking_summary
ACT-00620,SVC-007,ROOM-0031,2025-09-01,follow_up,16,14,13,1,0,0,30,synthetic_booking_summary
ACT-00621,SVC-007,ROOM-0031,2025-10-01,follow_up,16,13,12,1,0,0,30,synthetic_booking_summary
ACT-00622,SVC-007,ROOM-0031,2026-01-01,follow_up,6,5,5,0,0,0,30,synthetic_booking_summary
ACT-00623,SVC-007,ROOM-0031,2026-02-01,follow_up,12,10,9,1,0,0,30,synthetic_booking_summary
ACT-00624,SVC-007,ROOM-0037,2024-04-01,follow_up,11,11,10,1,0,0,30,synthetic_booking_summary
ACT-00625,SVC-007,ROOM-0037,2024-05-01,follow_up,19,16,15,1,0,0,30,synthetic_booking_summary
ACT-00626,SVC-007,ROOM-0037,2024-07-01,follow_up,11,10,9,1,0,0,30,synthetic_booking_summary
ACT-00627,SVC-007,ROOM-0037,2024-08-01,follow_up,19,18,17,1,0,0,30,synthetic_booking_summary
ACT-00628,SVC-007,ROOM-0037,2024-09-01,follow_up,11,0,0,0,11,0,30,synthetic_booking_summary
ACT-00629,SVC-007,ROOM-0037,2024-10-01,follow_up,24,4,4,0,8,11,30,synthetic_booking_summary
ACT-00630,SVC-007,ROOM-0037,2024-12-01,follow_up,12,11,10,1,0,0,30,synthetic_booking_summary
ACT-00631,SVC-007,ROOM-0037,2025-01-01,follow_up,12,10,9,1,0,0,30,synthetic_booking_summary
ACT-00632,SVC-007,ROOM-0037,2025-04-01,follow_up,11,10,9,1,0,0,30,synthetic_booking_summary
ACT-00633,SVC-007,ROOM-0037,2025-06-01,follow_up,11,11,10,1,0,0,30,synthetic_booking_summary
ACT-00634,SVC-007,ROOM-0037,2026-03-01,follow_up,5,4,4,0,0,0,30,synthetic_booking_summary
ACT-00635,SVC-007,ROOM-0043,2024-06-01,follow_up,5,3,3,0,0,0,30,synthetic_booking_summary
ACT-00636,SVC-007,ROOM-0043,2024-08-01,follow_up,5,4,4,0,0,0,30,synthetic_booking_summary
ACT-00637,SVC-007,ROOM-0043,2024-10-01,follow_up,16,13,12,1,0,0,30,synthetic_booking_summary
ACT-00638,SVC-007,ROOM-0043,2024-11-01,follow_up,6,0,0,0,0,6,30,synthetic_booking_summary
ACT-00639,SVC-007,ROOM-0043,2025-01-01,follow_up,6,5,5,0,0,0,30,synthetic_booking_summary
ACT-00640,SVC-007,ROOM-0043,2025-08-01,follow_up,24,20,18,2,0,0,30,synthetic_booking_summary
ACT-00641,SVC-007,ROOM-0043,2025-09-01,follow_up,11,11,10,1,0,0,30,synthetic_booking_summary
ACT-00642,SVC-007,ROOM-0043,2025-12-01,follow_up,18,14,13,1,0,0,30,synthetic_booking_summary
ACT-00643,SVC-007,ROOM-0043,2026-02-01,follow_up,6,4,4,0,0,0,30,synthetic_booking_summary
ACT-00644,SVC-007,ROOM-0049,2024-04-01,follow_up,11,11,10,1,0,0,30,synthetic_booking_summary
ACT-00645,SVC-007,ROOM-0049,2024-05-01,follow_up,13,10,9,1,0,0,30,synthetic_booking_summary
ACT-00646,SVC-007,ROOM-0049,2024-07-01,follow_up,11,10,9,1,0,0,30,synthetic_booking_summary
ACT-00647,SVC-007,ROOM-0049,2024-09-01,follow_up,5,0,0,0,0,5,30,synthetic_booking_summary
ACT-00648,SVC-007,ROOM-0049,2024-11-01,follow_up,12,10,9,1,0,0,30,synthetic_booking_summary
ACT-00649,SVC-007,ROOM-0049,2025-01-01,follow_up,9,7,7,0,0,0,30,synthetic_booking_summary
ACT-00650,SVC-007,ROOM-0049,2025-05-01,follow_up,8,7,7,0,0,0,30,synthetic_booking_summary
ACT-00651,SVC-007,ROOM-0049,2025-07-01,follow_up,11,11,10,1,0,0,30,synthetic_booking_summary
ACT-00652,SVC-007,ROOM-0049,2025-09-01,follow_up,11,11,10,1,0,0,30,synthetic_booking_summary
ACT-00653,SVC-007,ROOM-0049,2025-11-01,follow_up,9,8,8,0,0,0,30,synthetic_booking_summary
ACT-00654,SVC-007,ROOM-0055,2024-05-01,follow_up,8,0,0,0,0,8,30,synthetic_booking_summary
ACT-00655,SVC-007,ROOM-0055,2024-09-01,follow_up,8,7,7,0,0,0,30,synthetic_booking_summary
ACT-00656,SVC-007,ROOM-0055,2025-02-01,follow_up,21,12,11,1,0,9,30,synthetic_booking_summary
ACT-00657,SVC-007,ROOM-0055,2025-04-01,follow_up,22,22,20,2,0,0,30,synthetic_booking_summary
ACT-00658,SVC-007,ROOM-0055,2025-05-01,follow_up,11,11,10,1,0,0,30,synthetic_booking_summary
ACT-00659,SVC-007,ROOM-0055,2025-07-01,follow_up,5,3,3,0,0,0,30,synthetic_booking_summary
ACT-00660,SVC-007,ROOM-0055,2025-12-01,follow_up,18,17,16,1,0,0,30,synthetic_booking_summary
ACT-00661,SVC-007,ROOM-0055,2026-01-01,follow_up,15,8,8,0,6,0,30,synthetic_booking_summary
ACT-00662,SVC-008,ROOM-0004,2024-07-01,administrative,6,0,0,0,0,6,45,synthetic_booking_summary
ACT-00663,SVC-008,ROOM-0004,2024-08-01,administrative,6,4,1,3,0,0,45,synthetic_booking_summary
ACT-00664,SVC-008,ROOM-0004,2025-04-01,administrative,9,9,3,6,0,0,45,synthetic_booking_summary
ACT-00665,SVC-008,ROOM-0004,2025-05-01,administrative,9,9,3,6,0,0,45,synthetic_booking_summary
ACT-00666,SVC-008,ROOM-0004,2025-10-01,administrative,6,5,2,3,0,0,45,synthetic_booking_summary
ACT-00667,SVC-008,ROOM-0004,2026-02-01,administrative,7,6,2,4,0,0,45,synthetic_booking_summary
ACT-00668,SVC-008,ROOM-0010,2024-04-01,administrative,9,7,2,5,0,0,45,synthetic_booking_summary
ACT-00669,SVC-008,ROOM-0010,2024-05-01,administrative,6,5,2,3,0,0,45,synthetic_booking_summary
ACT-00670,SVC-008,ROOM-0010,2024-06-01,administrative,18,16,4,12,0,0,45,synthetic_booking_summary
ACT-00671,SVC-008,ROOM-0010,2024-08-01,administrative,12,11,3,8,0,0,45,synthetic_booking_summary
ACT-00672,SVC-008,ROOM-0010,2024-10-01,administrative,6,5,2,3,0,0,45,synthetic_booking_summary
ACT-00673,SVC-008,ROOM-0010,2024-12-01,administrative,7,0,0,0,0,7,45,synthetic_booking_summary
ACT-00674,SVC-008,ROOM-0010,2025-02-01,administrative,10,9,3,6,0,0,45,synthetic_booking_summary
ACT-00675,SVC-008,ROOM-0010,2025-07-01,administrative,9,8,2,6,0,0,45,synthetic_booking_summary
ACT-00676,SVC-008,ROOM-0010,2025-08-01,administrative,12,11,3,8,0,0,45,synthetic_booking_summary
ACT-00677,SVC-008,ROOM-0010,2026-02-01,administrative,13,11,3,8,0,0,45,synthetic_booking_summary
ACT-00678,SVC-008,ROOM-0010,2026-03-01,administrative,18,16,4,12,0,0,45,synthetic_booking_summary
ACT-00679,SVC-008,ROOM-0016,2024-04-01,administrative,9,7,2,5,0,0,45,synthetic_booking_summary
ACT-00680,SVC-008,ROOM-0016,2024-05-01,administrative,6,4,1,3,0,0,45,synthetic_booking_summary
ACT-00681,SVC-008,ROOM-0016,2024-07-01,administrative,9,9,3,6,0,0,45,synthetic_booking_summary
ACT-00682,SVC-008,ROOM-0016,2024-08-01,administrative,12,10,3,7,0,0,45,synthetic_booking_summary
ACT-00683,SVC-008,ROOM-0016,2024-11-01,administrative,7,5,2,3,0,0,45,synthetic_booking_summary
ACT-00684,SVC-008,ROOM-0016,2025-01-01,administrative,10,9,3,6,0,0,45,synthetic_booking_summary
ACT-00685,SVC-008,ROOM-0016,2025-02-01,administrative,7,6,2,4,0,0,45,synthetic_booking_summary
ACT-00686,SVC-008,ROOM-0016,2025-03-01,administrative,9,7,2,5,0,0,45,synthetic_booking_summary
ACT-00687,SVC-008,ROOM-0016,2025-05-01,administrative,12,12,3,9,0,0,45,synthetic_booking_summary
ACT-00688,SVC-008,ROOM-0016,2025-06-01,administrative,9,7,2,5,0,0,45,synthetic_booking_summary
ACT-00689,SVC-008,ROOM-0016,2025-08-01,administrative,6,6,2,4,0,0,45,synthetic_booking_summary
ACT-00690,SVC-008,ROOM-0016,2026-01-01,administrative,7,7,2,5,0,0,45,synthetic_booking_summary
ACT-00691,SVC-008,ROOM-0016,2026-03-01,administrative,12,11,3,8,0,0,45,synthetic_booking_summary
ACT-00692,SVC-008,ROOM-0022,2024-05-01,administrative,27,15,4,11,12,0,45,synthetic_booking_summary
ACT-00693,SVC-008,ROOM-0022,2024-06-01,administrative,12,11,3,8,0,0,45,synthetic_booking_summary
ACT-00694,SVC-008,ROOM-0022,2024-07-01,administrative,6,5,2,3,0,0,45,synthetic_booking_summary
ACT-00695,SVC-008,ROOM-0022,2024-12-01,administrative,13,12,3,9,0,0,45,synthetic_booking_summary
ACT-00696,SVC-008,ROOM-0022,2025-01-01,administrative,10,0,0,0,0,10,45,synthetic_booking_summary
ACT-00697,SVC-008,ROOM-0022,2025-03-01,administrative,9,8,2,6,0,0,45,synthetic_booking_summary
ACT-00698,SVC-008,ROOM-0022,2025-04-01,administrative,9,7,2,5,0,0,45,synthetic_booking_summary
ACT-00699,SVC-008,ROOM-0022,2025-05-01,administrative,24,22,6,16,0,0,45,synthetic_booking_summary
ACT-00700,SVC-008,ROOM-0022,2025-06-01,administrative,12,10,3,7,0,0,45,synthetic_booking_summary
ACT-00701,SVC-008,ROOM-0022,2025-07-01,administrative,9,7,2,5,0,0,45,synthetic_booking_summary
ACT-00702,SVC-008,ROOM-0022,2025-08-01,administrative,12,11,3,8,0,0,45,synthetic_booking_summary
ACT-00703,SVC-008,ROOM-0022,2025-09-01,administrative,6,6,2,4,0,0,45,synthetic_booking_summary
ACT-00704,SVC-008,ROOM-0022,2026-01-01,administrative,23,10,3,7,13,0,45,synthetic_booking_summary
ACT-00705,SVC-008,ROOM-0022,2026-02-01,administrative,24,12,3,9,0,10,45,synthetic_booking_summary
ACT-00706,SVC-008,ROOM-0022,2026-03-01,administrative,6,0,0,0,0,6,45,synthetic_booking_summary
ACT-00707,SVC-008,ROOM-0028,2024-04-01,administrative,6,5,2,3,0,0,45,synthetic_booking_summary
ACT-00708,SVC-008,ROOM-0028,2024-05-01,administrative,18,15,4,11,0,0,45,synthetic_booking_summary
ACT-00709,SVC-008,ROOM-0028,2025-02-01,administrative,13,0,0,0,0,13,45,synthetic_booking_summary
ACT-00710,SVC-008,ROOM-0028,2025-04-01,administrative,24,22,6,16,0,0,45,synthetic_booking_summary
ACT-00711,SVC-008,ROOM-0028,2025-05-01,administrative,15,12,3,9,0,0,45,synthetic_booking_summary
ACT-00712,SVC-008,ROOM-0028,2025-06-01,administrative,24,12,3,9,0,12,45,synthetic_booking_summary
ACT-00713,SVC-008,ROOM-0028,2025-07-01,administrative,15,13,4,9,0,0,45,synthetic_booking_summary
ACT-00714,SVC-008,ROOM-0028,2025-10-01,administrative,9,7,2,5,0,0,45,synthetic_booking_summary
ACT-00715,SVC-008,ROOM-0028,2025-11-01,administrative,10,8,2,6,0,0,45,synthetic_booking_summary
ACT-00716,SVC-008,ROOM-0028,2026-01-01,administrative,10,8,2,6,0,0,45,synthetic_booking_summary
ACT-00717,SVC-008,ROOM-0028,2026-03-01,administrative,12,10,3,7,0,0,45,synthetic_booking_summary
ACT-00718,SVC-008,ROOM-0034,2024-06-01,administrative,12,12,3,9,0,0,45,synthetic_booking_summary
ACT-00719,SVC-008,ROOM-0034,2024-07-01,administrative,6,0,0,0,0,6,45,synthetic_booking_summary
ACT-00720,SVC-008,ROOM-0034,2024-08-01,administrative,21,19,5,14,0,0,45,synthetic_booking_summary
ACT-00721,SVC-008,ROOM-0034,2024-09-01,administrative,6,0,0,0,0,6,45,synthetic_booking_summary
ACT-00722,SVC-008,ROOM-0034,2024-10-01,administrative,6,0,0,0,0,6,45,synthetic_booking_summary
ACT-00723,SVC-008,ROOM-0034,2025-01-01,administrative,23,22,6,16,0,0,45,synthetic_booking_summary
ACT-00724,SVC-008,ROOM-0034,2025-06-01,administrative,6,4,1,3,0,0,45,synthetic_booking_summary
ACT-00725,SVC-008,ROOM-0034,2025-07-01,administrative,12,11,3,8,0,0,45,synthetic_booking_summary
ACT-00726,SVC-008,ROOM-0034,2025-09-01,administrative,6,6,2,4,0,0,45,synthetic_booking_summary
ACT-00727,SVC-008,ROOM-0034,2025-10-01,administrative,12,12,3,9,0,0,45,synthetic_booking_summary
ACT-00728,SVC-008,ROOM-0034,2026-02-01,administrative,13,12,3,9,0,0,45,synthetic_booking_summary
ACT-00729,SVC-008,ROOM-0034,2026-03-01,administrative,6,6,2,4,0,0,45,synthetic_booking_summary
ACT-00730,SVC-008,ROOM-0040,2024-05-01,administrative,9,9,3,6,0,0,45,synthetic_booking_summary
ACT-00731,SVC-008,ROOM-0040,2024-06-01,administrative,12,12,3,9,0,0,45,synthetic_booking_summary
ACT-00732,SVC-008,ROOM-0040,2024-08-01,administrative,24,23,6,17,0,0,45,synthetic_booking_summary
ACT-00733,SVC-008,ROOM-0040,2024-11-01,administrative,20,8,2,6,0,10,45,synthetic_booking_summary
ACT-00734,SVC-008,ROOM-0040,2024-12-01,administrative,26,23,6,17,0,0,45,synthetic_booking_summary
ACT-00735,SVC-008,ROOM-0040,2025-01-01,administrative,10,10,3,7,0,0,45,synthetic_booking_summary
ACT-00736,SVC-008,ROOM-0040,2025-06-01,administrative,9,8,2,6,0,0,45,synthetic_booking_summary
ACT-00737,SVC-008,ROOM-0040,2025-07-01,administrative,12,6,2,4,0,6,45,synthetic_booking_summary
ACT-00738,SVC-008,ROOM-0040,2025-11-01,administrative,13,12,3,9,0,0,45,synthetic_booking_summary
ACT-00739,SVC-008,ROOM-0046,2024-05-01,administrative,12,11,3,8,0,0,45,synthetic_booking_summary
ACT-00740,SVC-008,ROOM-0046,2024-06-01,administrative,9,8,2,6,0,0,45,synthetic_booking_summary
ACT-00741,SVC-008,ROOM-0046,2024-07-01,administrative,12,12,3,9,0,0,45,synthetic_booking_summary
ACT-00742,SVC-008,ROOM-0046,2024-08-01,administrative,18,15,4,11,0,0,45,synthetic_booking_summary
ACT-00743,SVC-008,ROOM-0046,2025-01-01,administrative,13,11,3,8,0,0,45,synthetic_booking_summary
ACT-00744,SVC-008,ROOM-0046,2025-02-01,administrative,13,13,4,9,0,0,45,synthetic_booking_summary
ACT-00745,SVC-008,ROOM-0046,2025-04-01,administrative,18,10,3,7,0,6,45,synthetic_booking_summary
ACT-00746,SVC-008,ROOM-0046,2025-05-01,administrative,12,10,3,7,0,0,45,synthetic_booking_summary
ACT-00747,SVC-008,ROOM-0046,2025-06-01,administrative,9,8,2,6,0,0,45,synthetic_booking_summary
ACT-00748,SVC-008,ROOM-0046,2025-08-01,administrative,9,8,2,6,0,0,45,synthetic_booking_summary
ACT-00749,SVC-008,ROOM-0046,2026-01-01,administrative,14,13,4,9,0,0,45,synthetic_booking_summary
ACT-00750,SVC-008,ROOM-0052,2024-05-01,administrative,6,6,2,4,0,0,45,synthetic_booking_summary
ACT-00751,SVC-008,ROOM-0052,2024-08-01,administrative,9,8,2,6,0,0,45,synthetic_booking_summary
ACT-00752,SVC-008,ROOM-0052,2024-10-01,administrative,6,4,1,3,0,0,45,synthetic_booking_summary
ACT-00753,SVC-008,ROOM-0052,2024-11-01,administrative,13,12,3,9,0,0,45,synthetic_booking_summary
ACT-00754,SVC-008,ROOM-0052,2025-01-01,administrative,7,7,2,5,0,0,45,synthetic_booking_summary
ACT-00755,SVC-008,ROOM-0052,2025-09-01,administrative,9,9,3,6,0,0,45,synthetic_booking_summary
ACT-00756,SVC-008,ROOM-0052,2025-12-01,administrative,7,6,2,4,0,0,45,synthetic_booking_summary
ACT-00757,SVC-008,ROOM-0052,2026-03-01,administrative,12,11,3,8,0,0,45,synthetic_booking_summary
ACT-00758,SVC-009,ROOM-0005,2024-04-01,administrative,30,0,0,0,0,30,45,synthetic_booking_summary
ACT-00759,SVC-009,ROOM-0005,2024-05-01,administrative,30,27,15,12,0,0,45,synthetic_booking_summary
ACT-00760,SVC-009,ROOM-0005,2024-06-01,administrative,15,13,8,5,0,0,45,synthetic_booking_summary
ACT-00761,SVC-009,ROOM-0005,2024-07-01,administrative,15,15,9,6,0,0,45,synthetic_booking_summary
ACT-00762,SVC-009,ROOM-0005,2024-10-01,administrative,15,14,8,6,0,0,45,synthetic_booking_summary
ACT-00763,SVC-009,ROOM-0005,2025-01-01,administrative,30,15,9,6,15,0,45,synthetic_booking_summary
ACT-00764,SVC-009,ROOM-0005,2025-02-01,administrative,15,14,8,6,0,0,45,synthetic_booking_summary
ACT-00765,SVC-009,ROOM-0005,2025-06-01,administrative,30,29,16,13,0,0,45,synthetic_booking_summary
ACT-00766,SVC-009,ROOM-0005,2025-09-01,administrative,45,42,24,18,0,0,45,synthetic_booking_summary
ACT-00767,SVC-009,ROOM-0005,2025-10-01,administrative,30,26,15,11,0,0,45,synthetic_booking_summary
ACT-00768,SVC-009,ROOM-0005,2026-03-01,administrative,15,13,8,5,0,0,45,synthetic_booking_summary
ACT-00769,SVC-009,ROOM-0011,2024-07-01,administrative,15,13,8,5,0,0,45,synthetic_booking_summary
ACT-00770,SVC-009,ROOM-0011,2024-08-01,administrative,15,14,8,6,0,0,45,synthetic_booking_summary
ACT-00771,SVC-009,ROOM-0011,2024-10-01,administrative,15,15,9,6,0,0,45,synthetic_booking_summary
ACT-00772,SVC-009,ROOM-0011,2024-11-01,administrative,30,28,16,12,0,0,45,synthetic_booking_summary
ACT-00773,SVC-009,ROOM-0011,2024-12-01,administrative,30,28,16,12,0,0,45,synthetic_booking_summary
ACT-00774,SVC-009,ROOM-0011,2025-05-01,administrative,15,0,0,0,15,0,45,synthetic_booking_summary
ACT-00775,SVC-009,ROOM-0011,2025-06-01,administrative,45,42,24,18,0,0,45,synthetic_booking_summary
ACT-00776,SVC-009,ROOM-0011,2026-01-01,administrative,45,28,16,12,0,15,45,synthetic_booking_summary
ACT-00777,SVC-009,ROOM-0011,2026-02-01,administrative,15,15,9,6,0,0,45,synthetic_booking_summary
ACT-00778,SVC-009,ROOM-0011,2026-03-01,administrative,15,15,9,6,0,0,45,synthetic_booking_summary
ACT-00779,SVC-009,ROOM-0017,2024-04-01,administrative,15,15,9,6,0,0,45,synthetic_booking_summary
ACT-00780,SVC-009,ROOM-0017,2024-05-01,administrative,15,15,9,6,0,0,45,synthetic_booking_summary
ACT-00781,SVC-009,ROOM-0017,2024-10-01,administrative,15,14,8,6,0,0,45,synthetic_booking_summary
ACT-00782,SVC-009,ROOM-0017,2024-11-01,administrative,15,14,8,6,0,0,45,synthetic_booking_summary
ACT-00783,SVC-009,ROOM-0017,2024-12-01,administrative,30,29,16,13,0,0,45,synthetic_booking_summary
ACT-00784,SVC-009,ROOM-0017,2025-04-01,administrative,15,13,8,5,0,0,45,synthetic_booking_summary
ACT-00785,SVC-009,ROOM-0017,2025-07-01,administrative,15,14,8,6,0,0,45,synthetic_booking_summary
ACT-00786,SVC-009,ROOM-0017,2025-10-01,administrative,15,13,8,5,0,0,45,synthetic_booking_summary
ACT-00787,SVC-009,ROOM-0017,2025-11-01,administrative,15,13,8,5,0,0,45,synthetic_booking_summary
ACT-00788,SVC-009,ROOM-0023,2024-04-01,administrative,30,26,15,11,0,0,45,synthetic_booking_summary
ACT-00789,SVC-009,ROOM-0023,2024-05-01,administrative,15,14,8,6,0,0,45,synthetic_booking_summary
ACT-00790,SVC-009,ROOM-0023,2024-06-01,administrative,15,15,9,6,0,0,45,synthetic_booking_summary
ACT-00791,SVC-009,ROOM-0023,2025-01-01,administrative,45,45,25,20,0,0,45,synthetic_booking_summary
ACT-00792,SVC-009,ROOM-0023,2025-02-01,administrative,15,13,8,5,0,0,45,synthetic_booking_summary
ACT-00793,SVC-009,ROOM-0023,2025-03-01,administrative,15,13,8,5,0,0,45,synthetic_booking_summary
ACT-00794,SVC-009,ROOM-0023,2025-07-01,administrative,30,27,15,12,0,0,45,synthetic_booking_summary
ACT-00795,SVC-009,ROOM-0023,2025-08-01,administrative,30,28,16,12,0,0,45,synthetic_booking_summary
ACT-00796,SVC-009,ROOM-0023,2025-09-01,administrative,15,15,9,6,0,0,45,synthetic_booking_summary
ACT-00797,SVC-009,ROOM-0023,2025-12-01,administrative,15,14,8,6,0,0,45,synthetic_booking_summary
ACT-00798,SVC-009,ROOM-0023,2026-01-01,administrative,15,15,9,6,0,0,45,synthetic_booking_summary
ACT-00799,SVC-009,ROOM-0023,2026-02-01,administrative,30,28,16,12,0,0,45,synthetic_booking_summary
ACT-00800,SVC-009,ROOM-0029,2024-08-01,administrative,15,15,9,6,0,0,45,synthetic_booking_summary
ACT-00801,SVC-009,ROOM-0029,2024-10-01,administrative,15,14,8,6,0,0,45,synthetic_booking_summary
ACT-00802,SVC-009,ROOM-0029,2024-12-01,administrative,15,13,8,5,0,0,45,synthetic_booking_summary
ACT-00803,SVC-009,ROOM-0029,2025-02-01,administrative,15,14,8,6,0,0,45,synthetic_booking_summary
ACT-00804,SVC-009,ROOM-0029,2025-03-01,administrative,15,13,8,5,0,0,45,synthetic_booking_summary
ACT-00805,SVC-009,ROOM-0029,2025-05-01,administrative,15,13,8,5,0,0,45,synthetic_booking_summary
ACT-00806,SVC-009,ROOM-0029,2025-09-01,administrative,15,0,0,0,15,0,45,synthetic_booking_summary
ACT-00807,SVC-009,ROOM-0029,2025-11-01,administrative,15,15,9,6,0,0,45,synthetic_booking_summary
ACT-00808,SVC-009,ROOM-0029,2025-12-01,administrative,15,15,9,6,0,0,45,synthetic_booking_summary
ACT-00809,SVC-009,ROOM-0029,2026-01-01,administrative,15,13,8,5,0,0,45,synthetic_booking_summary
ACT-00810,SVC-009,ROOM-0029,2026-02-01,administrative,15,14,8,6,0,0,45,synthetic_booking_summary
ACT-00811,SVC-009,ROOM-0029,2026-03-01,administrative,15,15,9,6,0,0,45,synthetic_booking_summary
ACT-00812,SVC-009,ROOM-0035,2024-04-01,administrative,15,15,9,6,0,0,45,synthetic_booking_summary
ACT-00813,SVC-009,ROOM-0035,2024-05-01,administrative,15,15,9,6,0,0,45,synthetic_booking_summary
ACT-00814,SVC-009,ROOM-0035,2024-07-01,administrative,15,13,8,5,0,0,45,synthetic_booking_summary
ACT-00815,SVC-009,ROOM-0035,2024-08-01,administrative,15,14,8,6,0,0,45,synthetic_booking_summary
ACT-00816,SVC-009,ROOM-0035,2024-10-01,administrative,15,13,8,5,0,0,45,synthetic_booking_summary
ACT-00817,SVC-009,ROOM-0035,2024-11-01,administrative,15,13,8,5,0,0,45,synthetic_booking_summary
ACT-00818,SVC-009,ROOM-0035,2024-12-01,administrative,30,30,17,13,0,0,45,synthetic_booking_summary
ACT-00819,SVC-009,ROOM-0035,2025-06-01,administrative,15,15,9,6,0,0,45,synthetic_booking_summary
ACT-00820,SVC-009,ROOM-0035,2026-01-01,administrative,30,26,15,11,0,0,45,synthetic_booking_summary
ACT-00821,SVC-009,ROOM-0041,2024-07-01,administrative,15,14,8,6,0,0,45,synthetic_booking_summary
ACT-00822,SVC-009,ROOM-0041,2024-10-01,administrative,30,27,15,12,0,0,45,synthetic_booking_summary
ACT-00823,SVC-009,ROOM-0041,2024-11-01,administrative,30,14,8,6,0,15,45,synthetic_booking_summary
ACT-00824,SVC-009,ROOM-0041,2024-12-01,administrative,15,0,0,0,0,15,45,synthetic_booking_summary
ACT-00825,SVC-009,ROOM-0041,2025-01-01,administrative,15,13,8,5,0,0,45,synthetic_booking_summary
ACT-00826,SVC-009,ROOM-0041,2025-02-01,administrative,15,0,0,0,0,15,45,synthetic_booking_summary
ACT-00827,SVC-009,ROOM-0041,2025-06-01,administrative,15,13,8,5,0,0,45,synthetic_booking_summary
ACT-00828,SVC-009,ROOM-0041,2025-08-01,administrative,15,0,0,0,0,15,45,synthetic_booking_summary
ACT-00829,SVC-009,ROOM-0041,2025-10-01,administrative,15,13,8,5,0,0,45,synthetic_booking_summary
ACT-00830,SVC-009,ROOM-0041,2025-11-01,administrative,30,15,9,6,0,15,45,synthetic_booking_summary
ACT-00831,SVC-009,ROOM-0041,2026-02-01,administrative,15,14,8,6,0,0,45,synthetic_booking_summary
ACT-00832,SVC-009,ROOM-0047,2024-06-01,administrative,15,14,8,6,0,0,45,synthetic_booking_summary
ACT-00833,SVC-009,ROOM-0047,2024-07-01,administrative,15,13,8,5,0,0,45,synthetic_booking_summary
ACT-00834,SVC-009,ROOM-0047,2024-09-01,administrative,15,13,8,5,0,0,45,synthetic_booking_summary
ACT-00835,SVC-009,ROOM-0047,2024-10-01,administrative,15,15,9,6,0,0,45,synthetic_booking_summary
ACT-00836,SVC-009,ROOM-0047,2025-02-01,administrative,15,15,9,6,0,0,45,synthetic_booking_summary
ACT-00837,SVC-009,ROOM-0047,2025-05-01,administrative,15,13,8,5,0,0,45,synthetic_booking_summary
ACT-00838,SVC-009,ROOM-0047,2025-10-01,administrative,15,15,9,6,0,0,45,synthetic_booking_summary
ACT-00839,SVC-009,ROOM-0047,2025-11-01,administrative,15,0,0,0,0,15,45,synthetic_booking_summary
ACT-00840,SVC-009,ROOM-0047,2025-12-01,administrative,15,13,8,5,0,0,45,synthetic_booking_summary
ACT-00841,SVC-009,ROOM-0047,2026-01-01,administrative,15,14,8,6,0,0,45,synthetic_booking_summary
ACT-00842,SVC-009,ROOM-0047,2026-03-01,administrative,30,15,9,6,0,15,45,synthetic_booking_summary
ACT-00843,SVC-009,ROOM-0053,2024-05-01,administrative,15,15,9,6,0,0,45,synthetic_booking_summary
ACT-00844,SVC-009,ROOM-0053,2024-07-01,administrative,45,41,23,18,0,0,45,synthetic_booking_summary
ACT-00845,SVC-009,ROOM-0053,2025-07-01,administrative,15,14,8,6,0,0,45,synthetic_booking_summary
ACT-00846,SVC-009,ROOM-0053,2025-08-01,administrative,15,0,0,0,0,15,45,synthetic_booking_summary
ACT-00847,SVC-009,ROOM-0053,2025-10-01,administrative,30,30,17,13,0,0,45,synthetic_booking_summary
ACT-00848,SVC-009,ROOM-0053,2026-02-01,administrative,15,13,8,5,0,0,45,synthetic_booking_summary
ACT-00849,SVC-010,ROOM-0003,2024-04-01,diagnostic,11,10,10,0,0,0,45,synthetic_booking_summary
ACT-00850,SVC-010,ROOM-0003,2024-05-01,diagnostic,5,0,0,0,0,5,45,synthetic_booking_summary
ACT-00851,SVC-010,ROOM-0003,2024-08-01,diagnostic,22,11,11,0,0,11,45,synthetic_booking_summary
ACT-00852,SVC-010,ROOM-0003,2024-09-01,diagnostic,11,10,10,0,0,0,45,synthetic_booking_summary
ACT-00853,SVC-010,ROOM-0003,2024-12-01,diagnostic,6,5,5,0,0,0,45,synthetic_booking_summary
ACT-00854,SVC-010,ROOM-0003,2025-01-01,diagnostic,12,0,0,0,12,0,45,synthetic_booking_summary
ACT-00855,SVC-010,ROOM-0003,2025-03-01,diagnostic,11,0,0,0,0,11,45,synthetic_booking_summary
ACT-00856,SVC-010,ROOM-0003,2025-05-01,diagnostic,5,4,4,0,0,0,45,synthetic_booking_summary
ACT-00857,SVC-010,ROOM-0003,2025-07-01,diagnostic,16,15,15,0,0,0,45,synthetic_booking_summary
ACT-00858,SVC-010,ROOM-0003,2025-08-01,diagnostic,10,10,10,0,0,0,45,synthetic_booking_summary
ACT-00859,SVC-010,ROOM-0003,2025-10-01,diagnostic,10,10,10,0,0,0,45,synthetic_booking_summary
ACT-00860,SVC-010,ROOM-0003,2025-12-01,diagnostic,12,10,10,0,0,0,45,synthetic_booking_summary
ACT-00861,SVC-010,ROOM-0003,2026-01-01,diagnostic,12,10,10,0,0,0,45,synthetic_booking_summary
ACT-00862,SVC-010,ROOM-0003,2026-03-01,diagnostic,11,11,11,0,0,0,45,synthetic_booking_summary
ACT-00863,SVC-010,ROOM-0009,2024-04-01,diagnostic,11,11,11,0,0,0,45,synthetic_booking_summary
ACT-00864,SVC-010,ROOM-0009,2024-06-01,diagnostic,24,22,22,0,0,0,45,synthetic_booking_summary
ACT-00865,SVC-010,ROOM-0009,2024-11-01,diagnostic,12,12,12,0,0,0,45,synthetic_booking_summary
ACT-00866,SVC-010,ROOM-0009,2024-12-01,diagnostic,9,0,0,0,9,0,45,synthetic_booking_summary
ACT-00867,SVC-010,ROOM-0009,2025-02-01,diagnostic,9,8,8,0,0,0,45,synthetic_booking_summary
ACT-00868,SVC-010,ROOM-0009,2025-03-01,diagnostic,11,10,10,0,0,0,45,synthetic_booking_summary
ACT-00869,SVC-010,ROOM-0009,2025-06-01,diagnostic,8,6,6,0,0,0,45,synthetic_booking_summary
ACT-00870,SVC-010,ROOM-0009,2025-07-01,diagnostic,8,8,8,0,0,0,45,synthetic_booking_summary
ACT-00871,SVC-010,ROOM-0009,2025-10-01,diagnostic,16,14,14,0,0,0,45,synthetic_booking_summary
ACT-00872,SVC-010,ROOM-0009,2026-03-01,diagnostic,8,8,8,0,0,0,45,synthetic_booking_summary
ACT-00873,SVC-010,ROOM-0015,2024-04-01,diagnostic,16,4,4,0,11,0,45,synthetic_booking_summary
ACT-00874,SVC-010,ROOM-0015,2024-05-01,diagnostic,5,4,4,0,0,0,45,synthetic_booking_summary
ACT-00875,SVC-010,ROOM-0015,2024-08-01,diagnostic,8,6,6,0,0,0,45,synthetic_booking_summary
ACT-00876,SVC-010,ROOM-0015,2024-12-01,diagnostic,18,16,16,0,0,0,45,synthetic_booking_summary
ACT-00877,SVC-010,ROOM-0015,2025-02-01,diagnostic,18,9,9,0,0,9,45,synthetic_booking_summary
ACT-00878,SVC-010,ROOM-0015,2025-03-01,diagnostic,19,15,15,0,0,0,45,synthetic_booking_summary
ACT-00879,SVC-010,ROOM-0015,2025-05-01,diagnostic,8,7,7,0,0,0,45,synthetic_booking_summary
ACT-00880,SVC-010,ROOM-0015,2025-08-01,diagnostic,8,7,7,0,0,0,45,synthetic_booking_summary
ACT-00881,SVC-010,ROOM-0015,2025-09-01,diagnostic,8,0,0,0,0,8,45,synthetic_booking_summary
ACT-00882,SVC-010,ROOM-0015,2025-11-01,diagnostic,6,4,4,0,0,0,45,synthetic_booking_summary
ACT-00883,SVC-010,ROOM-0021,2024-06-01,diagnostic,11,9,9,0,0,0,45,synthetic_booking_summary
ACT-00884,SVC-010,ROOM-0021,2025-02-01,diagnostic,9,0,0,0,0,9,45,synthetic_booking_summary
ACT-00885,SVC-010,ROOM-0021,2025-05-01,diagnostic,13,11,11,0,0,0,45,synthetic_booking_summary
ACT-00886,SVC-010,ROOM-0021,2025-06-01,diagnostic,5,5,5,0,0,0,45,synthetic_booking_summary
ACT-00887,SVC-010,ROOM-0021,2025-07-01,diagnostic,13,13,13,0,0,0,45,synthetic_booking_summary
ACT-00888,SVC-010,ROOM-0021,2025-09-01,diagnostic,11,10,10,0,0,0,45,synthetic_booking_summary
ACT-00889,SVC-010,ROOM-0021,2025-10-01,diagnostic,10,7,7,0,0,0,45,synthetic_booking_summary
ACT-00890,SVC-010,ROOM-0021,2025-12-01,diagnostic,12,10,10,0,0,0,45,synthetic_booking_summary
ACT-00891,SVC-010,ROOM-0021,2026-01-01,diagnostic,6,6,6,0,0,0,45,synthetic_booking_summary
ACT-00892,SVC-010,ROOM-0027,2024-05-01,diagnostic,8,8,8,0,0,0,45,synthetic_booking_summary
ACT-00893,SVC-010,ROOM-0027,2024-06-01,diagnostic,8,7,7,0,0,0,45,synthetic_booking_summary
ACT-00894,SVC-010,ROOM-0027,2024-10-01,diagnostic,8,8,8,0,0,0,45,synthetic_booking_summary
ACT-00895,SVC-010,ROOM-0027,2024-11-01,diagnostic,12,0,0,0,0,12,45,synthetic_booking_summary
ACT-00896,SVC-010,ROOM-0027,2024-12-01,diagnostic,6,5,5,0,0,0,45,synthetic_booking_summary
ACT-00897,SVC-010,ROOM-0027,2025-01-01,diagnostic,15,14,14,0,0,0,45,synthetic_booking_summary
ACT-00898,SVC-010,ROOM-0027,2025-10-01,diagnostic,11,9,9,0,0,0,45,synthetic_booking_summary
ACT-00899,SVC-010,ROOM-0027,2025-12-01,diagnostic,9,7,7,0,0,0,45,synthetic_booking_summary
ACT-00900,SVC-010,ROOM-0027,2026-03-01,diagnostic,11,9,9,0,0,0,45,synthetic_booking_summary
ACT-00901,SVC-010,ROOM-0033,2024-05-01,diagnostic,5,5,5,0,0,0,45,synthetic_booking_summary
ACT-00902,SVC-010,ROOM-0033,2024-06-01,diagnostic,5,3,3,0,0,0,45,synthetic_booking_summary
ACT-00903,SVC-010,ROOM-0033,2024-08-01,diagnostic,8,6,6,0,0,0,45,synthetic_booking_summary
ACT-00904,SVC-010,ROOM-0033,2025-01-01,diagnostic,6,4,4,0,0,0,45,synthetic_booking_summary
ACT-00905,SVC-010,ROOM-0033,2025-03-01,diagnostic,16,3,3,0,11,0,45,synthetic_booking_summary
ACT-00906,SVC-010,ROOM-0033,2025-04-01,diagnostic,5,4,4,0,0,0,45,synthetic_booking_summary
ACT-00907,SVC-010,ROOM-0033,2025-05-01,diagnostic,21,14,14,0,0,5,45,synthetic_booking_summary
ACT-00908,SVC-010,ROOM-0033,2025-08-01,diagnostic,5,4,4,0,0,0,45,synthetic_booking_summary
ACT-00909,SVC-010,ROOM-0033,2025-09-01,diagnostic,19,17,17,0,0,0,45,synthetic_booking_summary
ACT-00910,SVC-010,ROOM-0033,2026-02-01,diagnostic,21,21,21,0,0,0,45,synthetic_booking_summary
ACT-00911,SVC-010,ROOM-0033,2026-03-01,diagnostic,5,3,3,0,0,0,45,synthetic_booking_summary
ACT-00912,SVC-010,ROOM-0039,2024-06-01,diagnostic,16,15,15,0,0,0,45,synthetic_booking_summary
ACT-00913,SVC-010,ROOM-0039,2024-07-01,diagnostic,5,5,5,0,0,0,45,synthetic_booking_summary
ACT-00914,SVC-010,ROOM-0039,2024-08-01,diagnostic,11,10,10,0,0,0,45,synthetic_booking_summary
ACT-00915,SVC-010,ROOM-0039,2024-10-01,diagnostic,5,5,5,0,0,0,45,synthetic_booking_summary
ACT-00916,SVC-010,ROOM-0039,2024-11-01,diagnostic,12,12,12,0,0,0,45,synthetic_booking_summary
ACT-00917,SVC-010,ROOM-0039,2024-12-01,diagnostic,12,12,12,0,0,0,45,synthetic_booking_summary
ACT-00918,SVC-010,ROOM-0039,2025-02-01,diagnostic,6,6,6,0,0,0,45,synthetic_booking_summary
ACT-00919,SVC-010,ROOM-0039,2025-04-01,diagnostic,5,3,3,0,0,0,45,synthetic_booking_summary
ACT-00920,SVC-010,ROOM-0039,2025-05-01,diagnostic,5,0,0,0,0,5,45,synthetic_booking_summary
ACT-00921,SVC-010,ROOM-0039,2025-09-01,diagnostic,5,5,5,0,0,0,45,synthetic_booking_summary
ACT-00922,SVC-010,ROOM-0039,2025-12-01,diagnostic,6,4,4,0,0,0,45,synthetic_booking_summary
ACT-00923,SVC-010,ROOM-0045,2024-05-01,diagnostic,8,8,8,0,0,0,45,synthetic_booking_summary
ACT-00924,SVC-010,ROOM-0045,2024-07-01,diagnostic,13,11,11,0,0,0,45,synthetic_booking_summary
ACT-00925,SVC-010,ROOM-0045,2024-08-01,diagnostic,11,10,10,0,0,0,45,synthetic_booking_summary
ACT-00926,SVC-010,ROOM-0045,2024-09-01,diagnostic,5,3,3,0,0,0,45,synthetic_booking_summary
ACT-00927,SVC-010,ROOM-0045,2025-02-01,diagnostic,9,9,9,0,0,0,45,synthetic_booking_summary
ACT-00928,SVC-010,ROOM-0045,2025-06-01,diagnostic,11,10,10,0,0,0,45,synthetic_booking_summary
ACT-00929,SVC-010,ROOM-0045,2025-09-01,diagnostic,19,17,17,0,0,0,45,synthetic_booking_summary
ACT-00930,SVC-010,ROOM-0045,2025-10-01,diagnostic,5,0,0,0,0,5,45,synthetic_booking_summary
ACT-00931,SVC-010,ROOM-0045,2025-12-01,diagnostic,9,8,8,0,0,0,45,synthetic_booking_summary
ACT-00932,SVC-010,ROOM-0051,2024-04-01,diagnostic,8,0,0,0,8,0,45,synthetic_booking_summary
ACT-00933,SVC-010,ROOM-0051,2024-05-01,diagnostic,8,0,0,0,0,8,45,synthetic_booking_summary
ACT-00934,SVC-010,ROOM-0051,2024-08-01,diagnostic,8,6,6,0,0,0,45,synthetic_booking_summary
ACT-00935,SVC-010,ROOM-0051,2024-09-01,diagnostic,16,12,12,0,0,0,45,synthetic_booking_summary
ACT-00936,SVC-010,ROOM-0051,2024-11-01,diagnostic,12,12,12,0,0,0,45,synthetic_booking_summary
ACT-00937,SVC-010,ROOM-0051,2024-12-01,diagnostic,12,10,10,0,0,0,45,synthetic_booking_summary
ACT-00938,SVC-010,ROOM-0051,2025-01-01,diagnostic,12,10,10,0,0,0,45,synthetic_booking_summary
ACT-00939,SVC-010,ROOM-0051,2025-03-01,diagnostic,22,19,19,0,0,0,45,synthetic_booking_summary
ACT-00940,SVC-010,ROOM-0051,2025-07-01,diagnostic,16,6,6,0,8,0,45,synthetic_booking_summary
ACT-00941,SVC-010,ROOM-0051,2026-02-01,diagnostic,18,16,16,0,0,0,45,synthetic_booking_summary
ACT-00942,SVC-011,ROOM-0002,2024-06-01,procedure,6,5,5,0,0,0,45,synthetic_booking_summary
ACT-00943,SVC-011,ROOM-0002,2024-11-01,procedure,7,0,0,0,0,7,45,synthetic_booking_summary
ACT-00944,SVC-011,ROOM-0002,2025-04-01,procedure,24,22,22,0,0,0,45,synthetic_booking_summary
ACT-00945,SVC-011,ROOM-0002,2025-05-01,procedure,12,11,11,0,0,0,45,synthetic_booking_summary
ACT-00946,SVC-011,ROOM-0002,2025-06-01,procedure,6,0,0,0,0,6,45,synthetic_booking_summary
ACT-00947,SVC-011,ROOM-0002,2025-07-01,procedure,6,4,4,0,0,0,45,synthetic_booking_summary
ACT-00948,SVC-011,ROOM-0002,2025-10-01,procedure,12,10,10,0,0,0,45,synthetic_booking_summary
ACT-00949,SVC-011,ROOM-0002,2026-01-01,procedure,17,15,15,0,0,0,45,synthetic_booking_summary
ACT-00950,SVC-011,ROOM-0002,2026-02-01,procedure,10,9,9,0,0,0,45,synthetic_booking_summary
ACT-00951,SVC-011,ROOM-0008,2024-10-01,procedure,9,8,8,0,0,0,45,synthetic_booking_summary
ACT-00952,SVC-011,ROOM-0008,2025-01-01,procedure,10,10,10,0,0,0,45,synthetic_booking_summary
ACT-00953,SVC-011,ROOM-0008,2025-05-01,procedure,9,7,7,0,0,0,45,synthetic_booking_summary
ACT-00954,SVC-011,ROOM-0008,2025-06-01,procedure,6,4,4,0,0,0,45,synthetic_booking_summary
ACT-00955,SVC-011,ROOM-0008,2025-07-01,procedure,9,9,9,0,0,0,45,synthetic_booking_summary
ACT-00956,SVC-011,ROOM-0008,2025-09-01,procedure,9,9,9,0,0,0,45,synthetic_booking_summary
ACT-00957,SVC-011,ROOM-0008,2025-12-01,procedure,10,0,0,0,0,10,45,synthetic_booking_summary
ACT-00958,SVC-011,ROOM-0014,2024-07-01,procedure,6,6,6,0,0,0,45,synthetic_booking_summary
ACT-00959,SVC-011,ROOM-0014,2024-08-01,procedure,30,19,19,0,9,0,45,synthetic_booking_summary
ACT-00960,SVC-011,ROOM-0014,2024-09-01,procedure,12,12,12,0,0,0,45,synthetic_booking_summary
ACT-00961,SVC-011,ROOM-0014,2024-12-01,procedure,13,12,12,0,0,0,45,synthetic_booking_summary
ACT-00962,SVC-011,ROOM-0014,2025-03-01,procedure,9,7,7,0,0,0,45,synthetic_booking_summary
ACT-00963,SVC-011,ROOM-0014,2025-04-01,procedure,12,0,0,0,0,12,45,synthetic_booking_summary
ACT-00964,SVC-011,ROOM-0014,2026-01-01,procedure,10,9,9,0,0,0,45,synthetic_booking_summary
ACT-00965,SVC-011,ROOM-0014,2026-02-01,procedure,13,11,11,0,0,0,45,synthetic_booking_summary
ACT-00966,SVC-011,ROOM-0020,2024-04-01,procedure,6,5,5,0,0,0,45,synthetic_booking_summary
ACT-00967,SVC-011,ROOM-0020,2024-06-01,procedure,6,4,4,0,0,0,45,synthetic_booking_summary
ACT-00968,SVC-011,ROOM-0020,2024-07-01,procedure,15,14,14,0,0,0,45,synthetic_booking_summary
ACT-00969,SVC-011,ROOM-0020,2024-09-01,procedure,12,12,12,0,0,0,45,synthetic_booking_summary
ACT-00970,SVC-011,ROOM-0020,2024-10-01,procedure,21,21,21,0,0,0,45,synthetic_booking_summary
ACT-00971,SVC-011,ROOM-0020,2024-11-01,procedure,10,9,9,0,0,0,45,synthetic_booking_summary
ACT-00972,SVC-011,ROOM-0020,2024-12-01,procedure,7,5,5,0,0,0,45,synthetic_booking_summary
ACT-00973,SVC-011,ROOM-0020,2025-02-01,procedure,13,12,12,0,0,0,45,synthetic_booking_summary
ACT-00974,SVC-011,ROOM-0020,2025-03-01,procedure,9,9,9,0,0,0,45,synthetic_booking_summary
ACT-00975,SVC-011,ROOM-0020,2025-04-01,procedure,6,4,4,0,0,0,45,synthetic_booking_summary
ACT-00976,SVC-011,ROOM-0020,2025-08-01,procedure,6,4,4,0,0,0,45,synthetic_booking_summary
ACT-00977,SVC-011,ROOM-0020,2025-09-01,procedure,9,8,8,0,0,0,45,synthetic_booking_summary
ACT-00978,SVC-011,ROOM-0020,2025-12-01,procedure,10,9,9,0,0,0,45,synthetic_booking_summary
ACT-00979,SVC-011,ROOM-0020,2026-01-01,procedure,10,9,9,0,0,0,45,synthetic_booking_summary
ACT-00980,SVC-011,ROOM-0020,2026-02-01,procedure,14,7,7,0,7,0,45,synthetic_booking_summary
ACT-00981,SVC-011,ROOM-0020,2026-03-01,procedure,6,4,4,0,0,0,45,synthetic_booking_summary
ACT-00982,SVC-011,ROOM-0026,2024-05-01,procedure,15,4,4,0,9,0,45,synthetic_booking_summary
ACT-00983,SVC-011,ROOM-0026,2024-06-01,procedure,21,19,19,0,0,0,45,synthetic_booking_summary
ACT-00984,SVC-011,ROOM-0026,2024-08-01,procedure,6,0,0,0,0,6,45,synthetic_booking_summary
ACT-00985,SVC-011,ROOM-0026,2024-12-01,procedure,13,0,0,0,0,13,45,synthetic_booking_summary
ACT-00986,SVC-011,ROOM-0026,2025-04-01,procedure,12,10,10,0,0,0,45,synthetic_booking_summary
ACT-00987,SVC-011,ROOM-0026,2025-06-01,procedure,12,11,11,0,0,0,45,synthetic_booking_summary
ACT-00988,SVC-011,ROOM-0026,2025-09-01,procedure,9,9,9,0,0,0,45,synthetic_booking_summary
ACT-00989,SVC-011,ROOM-0026,2025-10-01,procedure,12,10,10,0,0,0,45,synthetic_booking_summary
ACT-00990,SVC-011,ROOM-0026,2025-11-01,procedure,27,25,25,0,0,0,45,synthetic_booking_summary
ACT-00991,SVC-011,ROOM-0026,2025-12-01,procedure,7,6,6,0,0,0,45,synthetic_booking_summary
ACT-00992,SVC-011,ROOM-0026,2026-02-01,procedure,13,13,13,0,0,0,45,synthetic_booking_summary
ACT-00993,SVC-011,ROOM-0026,2026-03-01,procedure,15,12,12,0,0,0,45,synthetic_booking_summary
ACT-00994,SVC-011,ROOM-0032,2024-06-01,procedure,9,9,9,0,0,0,45,synthetic_booking_summary
ACT-00995,SVC-011,ROOM-0032,2024-07-01,procedure,12,11,11,0,0,0,45,synthetic_booking_summary
ACT-00996,SVC-011,ROOM-0032,2024-10-01,procedure,9,9,9,0,0,0,45,synthetic_booking_summary
ACT-00997,SVC-011,ROOM-0032,2025-04-01,procedure,24,21,21,0,0,0,45,synthetic_booking_summary
ACT-00998,SVC-011,ROOM-0032,2025-05-01,procedure,27,19,19,0,0,6,45,synthetic_booking_summary
ACT-00999,SVC-011,ROOM-0032,2025-06-01,procedure,21,20,20,0,0,0,45,synthetic_booking_summary
ACT-01000,SVC-011,ROOM-0032,2025-09-01,procedure,21,19,19,0,0,0,45,synthetic_booking_summary
ACT-01001,SVC-011,ROOM-0032,2025-11-01,procedure,7,7,7,0,0,0,45,synthetic_booking_summary
ACT-01002,SVC-011,ROOM-0038,2024-05-01,procedure,6,5,5,0,0,0,45,synthetic_booking_summary
ACT-01003,SVC-011,ROOM-0038,2024-06-01,procedure,6,4,4,0,0,0,45,synthetic_booking_summary
ACT-01004,SVC-011,ROOM-0038,2024-11-01,procedure,17,5,5,0,0,10,45,synthetic_booking_summary
ACT-01005,SVC-011,ROOM-0038,2024-12-01,procedure,13,0,0,0,0,13,45,synthetic_booking_summary
ACT-01006,SVC-011,ROOM-0038,2025-04-01,procedure,12,12,12,0,0,0,45,synthetic_booking_summary
ACT-01007,SVC-011,ROOM-0038,2025-05-01,procedure,6,6,6,0,0,0,45,synthetic_booking_summary
ACT-01008,SVC-011,ROOM-0038,2025-11-01,procedure,7,5,5,0,0,0,45,synthetic_booking_summary
ACT-01009,SVC-011,ROOM-0038,2026-02-01,procedure,13,0,0,0,13,0,45,synthetic_booking_summary
ACT-01010,SVC-011,ROOM-0044,2024-12-01,procedure,13,12,12,0,0,0,45,synthetic_booking_summary
ACT-01011,SVC-011,ROOM-0044,2025-01-01,procedure,20,19,19,0,0,0,45,synthetic_booking_summary
ACT-01012,SVC-011,ROOM-0044,2025-05-01,procedure,30,27,27,0,0,0,45,synthetic_booking_summary
ACT-01013,SVC-011,ROOM-0044,2025-06-01,procedure,6,0,0,0,0,6,45,synthetic_booking_summary
ACT-01014,SVC-011,ROOM-0044,2025-10-01,procedure,21,21,21,0,0,0,45,synthetic_booking_summary
ACT-01015,SVC-011,ROOM-0044,2025-12-01,procedure,17,15,15,0,0,0,45,synthetic_booking_summary
ACT-01016,SVC-011,ROOM-0044,2026-02-01,procedure,23,20,20,0,0,0,45,synthetic_booking_summary
ACT-01017,SVC-011,ROOM-0044,2026-03-01,procedure,12,11,11,0,0,0,45,synthetic_booking_summary
ACT-01018,SVC-011,ROOM-0050,2024-04-01,procedure,9,8,8,0,0,0,45,synthetic_booking_summary
ACT-01019,SVC-011,ROOM-0050,2024-05-01,procedure,15,14,14,0,0,0,45,synthetic_booking_summary
ACT-01020,SVC-011,ROOM-0050,2024-12-01,procedure,10,9,9,0,0,0,45,synthetic_booking_summary
ACT-01021,SVC-011,ROOM-0050,2025-01-01,procedure,23,20,20,0,0,0,45,synthetic_booking_summary
ACT-01022,SVC-011,ROOM-0050,2025-04-01,procedure,6,4,4,0,0,0,45,synthetic_booking_summary
ACT-01023,SVC-011,ROOM-0050,2025-09-01,procedure,12,10,10,0,0,0,45,synthetic_booking_summary
ACT-01024,SVC-011,ROOM-0056,2024-07-01,procedure,6,6,6,0,0,0,45,synthetic_booking_summary
ACT-01025,SVC-011,ROOM-0056,2024-09-01,procedure,12,10,10,0,0,0,45,synthetic_booking_summary
ACT-01026,SVC-011,ROOM-0056,2025-04-01,procedure,24,10,10,0,12,0,45,synthetic_booking_summary
ACT-01027,SVC-011,ROOM-0056,2025-06-01,procedure,9,7,7,0,0,0,45,synthetic_booking_summary
ACT-01028,SVC-011,ROOM-0056,2025-07-01,procedure,24,18,18,0,0,0,45,synthetic_booking_summary
ACT-01029,SVC-011,ROOM-0056,2025-09-01,procedure,6,6,6,0,0,0,45,synthetic_booking_summary
ACT-01030,SVC-011,ROOM-0056,2025-10-01,procedure,6,4,4,0,0,0,45,synthetic_booking_summary
ACT-01031,SVC-011,ROOM-0056,2026-02-01,procedure,13,13,13,0,0,0,45,synthetic_booking_summary
ACT-01032,SVC-012,ROOM-0004,2024-06-01,administrative,14,6,1,5,0,7,45,synthetic_booking_summary
ACT-01033,SVC-012,ROOM-0004,2024-07-01,administrative,4,0,0,0,4,0,45,synthetic_booking_summary
ACT-01034,SVC-012,ROOM-0004,2024-08-01,administrative,10,0,0,0,0,10,45,synthetic_booking_summary
ACT-01035,SVC-012,ROOM-0004,2024-10-01,administrative,14,13,2,11,0,0,45,synthetic_booking_summary
ACT-01036,SVC-012,ROOM-0004,2024-11-01,administrative,19,17,3,14,0,0,45,synthetic_booking_summary
ACT-01037,SVC-012,ROOM-0004,2025-02-01,administrative,11,10,2,8,0,0,45,synthetic_booking_summary
ACT-01038,SVC-012,ROOM-0004,2025-04-01,administrative,7,0,0,0,0,7,45,synthetic_booking_summary
ACT-01039,SVC-012,ROOM-0004,2025-06-01,administrative,7,6,1,5,0,0,45,synthetic_booking_summary
ACT-01040,SVC-012,ROOM-0004,2025-08-01,administrative,7,5,1,4,0,0,45,synthetic_booking_summary
ACT-01041,SVC-012,ROOM-0004,2025-10-01,administrative,7,6,1,5,0,0,45,synthetic_booking_summary
ACT-01042,SVC-012,ROOM-0004,2025-11-01,administrative,8,7,2,5,0,0,45,synthetic_booking_summary
ACT-01043,SVC-012,ROOM-0004,2025-12-01,administrative,5,3,1,2,0,0,45,synthetic_booking_summary
ACT-01044,SVC-012,ROOM-0004,2026-02-01,administrative,11,10,2,8,0,0,45,synthetic_booking_summary
ACT-01045,SVC-012,ROOM-0010,2024-05-01,administrative,14,3,1,2,10,0,45,synthetic_booking_summary
ACT-01046,SVC-012,ROOM-0010,2024-09-01,administrative,14,8,2,6,4,0,45,synthetic_booking_summary
ACT-01047,SVC-012,ROOM-0010,2024-12-01,administrative,13,12,2,10,0,0,45,synthetic_booking_summary
ACT-01048,SVC-012,ROOM-0010,2025-01-01,administrative,13,9,2,7,0,0,45,synthetic_booking_summary
ACT-01049,SVC-012,ROOM-0010,2025-04-01,administrative,4,2,1,1,0,0,45,synthetic_booking_summary
ACT-01050,SVC-012,ROOM-0010,2025-05-01,administrative,10,8,2,6,0,0,45,synthetic_booking_summary
ACT-01051,SVC-012,ROOM-0010,2025-06-01,administrative,7,6,1,5,0,0,45,synthetic_booking_summary
ACT-01052,SVC-012,ROOM-0010,2025-10-01,administrative,4,2,1,1,0,0,45,synthetic_booking_summary
ACT-01053,SVC-012,ROOM-0010,2025-11-01,administrative,5,5,1,4,0,0,45,synthetic_booking_summary
ACT-01054,SVC-012,ROOM-0010,2025-12-01,administrative,5,4,1,3,0,0,45,synthetic_booking_summary
ACT-01055,SVC-012,ROOM-0016,2024-04-01,administrative,4,0,0,0,0,4,45,synthetic_booking_summary
ACT-01056,SVC-012,ROOM-0016,2024-05-01,administrative,4,4,1,3,0,0,45,synthetic_booking_summary
ACT-01057,SVC-012,ROOM-0016,2024-10-01,administrative,4,2,1,1,0,0,45,synthetic_booking_summary
ACT-01058,SVC-012,ROOM-0016,2024-11-01,administrative,11,11,2,9,0,0,45,synthetic_booking_summary
ACT-01059,SVC-012,ROOM-0016,2025-01-01,administrative,11,0,0,0,0,11,45,synthetic_booking_summary
ACT-01060,SVC-012,ROOM-0016,2025-02-01,administrative,5,5,1,4,0,0,45,synthetic_booking_summary
ACT-01061,SVC-012,ROOM-0016,2025-03-01,administrative,11,10,2,8,0,0,45,synthetic_booking_summary
ACT-01062,SVC-012,ROOM-0016,2025-04-01,administrative,10,8,2,6,0,0,45,synthetic_booking_summary
ACT-01063,SVC-012,ROOM-0016,2025-05-01,administrative,10,9,2,7,0,0,45,synthetic_booking_summary
ACT-01064,SVC-012,ROOM-0016,2025-12-01,administrative,8,7,2,5,0,0,45,synthetic_booking_summary
ACT-01065,SVC-012,ROOM-0016,2026-01-01,administrative,8,8,2,6,0,0,45,synthetic_booking_summary
ACT-01066,SVC-012,ROOM-0016,2026-03-01,administrative,10,9,2,7,0,0,45,synthetic_booking_summary
ACT-01067,SVC-012,ROOM-0022,2024-04-01,administrative,14,7,2,5,0,7,45,synthetic_booking_summary
ACT-01068,SVC-012,ROOM-0022,2024-06-01,administrative,7,7,2,5,0,0,45,synthetic_booking_summary
ACT-01069,SVC-012,ROOM-0022,2024-08-01,administrative,4,2,1,1,0,0,45,synthetic_booking_summary
ACT-01070,SVC-012,ROOM-0022,2024-09-01,administrative,4,2,1,1,0,0,45,synthetic_booking_summary
ACT-01071,SVC-012,ROOM-0022,2024-11-01,administrative,8,6,1,5,0,0,45,synthetic_booking_summary
ACT-01072,SVC-012,ROOM-0022,2025-03-01,administrative,10,9,2,7,0,0,45,synthetic_booking_summary
ACT-01073,SVC-012,ROOM-0022,2025-06-01,administrative,18,4,1,3,0,10,45,synthetic_booking_summary
ACT-01074,SVC-012,ROOM-0022,2025-07-01,administrative,14,12,2,10,0,0,45,synthetic_booking_summary
ACT-01075,SVC-012,ROOM-0022,2025-09-01,administrative,7,0,0,0,7,0,45,synthetic_booking_summary
ACT-01076,SVC-012,ROOM-0022,2025-10-01,administrative,7,7,2,5,0,0,45,synthetic_booking_summary
ACT-01077,SVC-012,ROOM-0028,2024-04-01,administrative,7,6,1,5,0,0,45,synthetic_booking_summary
ACT-01078,SVC-012,ROOM-0028,2024-09-01,administrative,7,0,0,0,0,7,45,synthetic_booking_summary
ACT-01079,SVC-012,ROOM-0028,2024-10-01,administrative,10,10,2,8,0,0,45,synthetic_booking_summary
ACT-01080,SVC-012,ROOM-0028,2024-12-01,administrative,11,9,2,7,0,0,45,synthetic_booking_summary
ACT-01081,SVC-012,ROOM-0028,2025-02-01,administrative,11,9,2,7,0,0,45,synthetic_booking_summary
ACT-01082,SVC-012,ROOM-0028,2025-05-01,administrative,7,7,2,5,0,0,45,synthetic_booking_summary
ACT-01083,SVC-012,ROOM-0028,2025-06-01,administrative,7,7,2,5,0,0,45,synthetic_booking_summary
ACT-01084,SVC-012,ROOM-0028,2025-08-01,administrative,11,8,2,6,0,0,45,synthetic_booking_summary
ACT-01085,SVC-012,ROOM-0028,2025-10-01,administrative,7,7,2,5,0,0,45,synthetic_booking_summary
ACT-01086,SVC-012,ROOM-0028,2025-11-01,administrative,8,0,0,0,0,8,45,synthetic_booking_summary
ACT-01087,SVC-012,ROOM-0028,2026-02-01,administrative,11,10,2,8,0,0,45,synthetic_booking_summary
ACT-01088,SVC-012,ROOM-0028,2026-03-01,administrative,4,0,0,0,0,4,45,synthetic_booking_summary
ACT-01089,SVC-012,ROOM-0034,2024-04-01,administrative,7,7,2,5,0,0,45,synthetic_booking_summary
ACT-01090,SVC-012,ROOM-0034,2024-08-01,administrative,4,3,1,2,0,0,45,synthetic_booking_summary
ACT-01091,SVC-012,ROOM-0034,2024-11-01,administrative,8,8,2,6,0,0,45,synthetic_booking_summary
ACT-01092,SVC-012,ROOM-0034,2025-05-01,administrative,10,10,2,8,0,0,45,synthetic_booking_summary
ACT-01093,SVC-012,ROOM-0034,2025-06-01,administrative,4,4,1,3,0,0,45,synthetic_booking_summary
ACT-01094,SVC-012,ROOM-0034,2025-12-01,administrative,11,10,2,8,0,0,45,synthetic_booking_summary
ACT-01095,SVC-012,ROOM-0034,2026-02-01,administrative,8,0,0,0,0,8,45,synthetic_booking_summary
ACT-01096,SVC-012,ROOM-0040,2024-04-01,administrative,20,20,3,17,0,0,45,synthetic_booking_summary
ACT-01097,SVC-012,ROOM-0040,2024-05-01,administrative,10,10,2,8,0,0,45,synthetic_booking_summary
ACT-01098,SVC-012,ROOM-0040,2024-08-01,administrative,10,10,2,8,0,0,45,synthetic_booking_summary
ACT-01099,SVC-012,ROOM-0040,2024-09-01,administrative,10,9,2,7,0,0,45,synthetic_booking_summary
ACT-01100,SVC-012,ROOM-0040,2024-12-01,administrative,5,3,1,2,0,0,45,synthetic_booking_summary
ACT-01101,SVC-012,ROOM-0040,2025-01-01,administrative,19,16,3,13,0,0,45,synthetic_booking_summary
ACT-01102,SVC-012,ROOM-0040,2025-02-01,administrative,11,10,2,8,0,0,45,synthetic_booking_summary
ACT-01103,SVC-012,ROOM-0040,2025-04-01,administrative,10,8,2,6,0,0,45,synthetic_booking_summary
ACT-01104,SVC-012,ROOM-0040,2025-05-01,administrative,8,3,1,2,4,0,45,synthetic_booking_summary
ACT-01105,SVC-012,ROOM-0040,2025-06-01,administrative,7,6,1,5,0,0,45,synthetic_booking_summary
ACT-01106,SVC-012,ROOM-0040,2025-07-01,administrative,10,8,2,6,0,0,45,synthetic_booking_summary
ACT-01107,SVC-012,ROOM-0040,2025-10-01,administrative,10,9,2,7,0,0,45,synthetic_booking_summary
ACT-01108,SVC-012,ROOM-0046,2024-05-01,administrative,10,8,2,6,0,0,45,synthetic_booking_summary
ACT-01109,SVC-012,ROOM-0046,2024-06-01,administrative,10,9,2,7,0,0,45,synthetic_booking_summary
ACT-01110,SVC-012,ROOM-0046,2024-08-01,administrative,4,2,1,1,0,0,45,synthetic_booking_summary
ACT-01111,SVC-012,ROOM-0046,2024-09-01,administrative,17,15,3,12,0,0,45,synthetic_booking_summary
ACT-01112,SVC-012,ROOM-0046,2024-10-01,administrative,11,8,2,6,0,0,45,synthetic_booking_summary
ACT-01113,SVC-012,ROOM-0046,2024-12-01,administrative,11,0,0,0,0,11,45,synthetic_booking_summary
ACT-01114,SVC-012,ROOM-0046,2025-01-01,administrative,5,0,0,0,0,5,45,synthetic_booking_summary
ACT-01115,SVC-012,ROOM-0046,2025-04-01,administrative,14,11,2,9,0,0,45,synthetic_booking_summary
ACT-01116,SVC-012,ROOM-0046,2025-08-01,administrative,4,3,1,2,0,0,45,synthetic_booking_summary
ACT-01117,SVC-012,ROOM-0046,2025-10-01,administrative,4,4,1,3,0,0,45,synthetic_booking_summary
ACT-01118,SVC-012,ROOM-0052,2024-04-01,administrative,4,4,1,3,0,0,45,synthetic_booking_summary
ACT-01119,SVC-012,ROOM-0052,2024-06-01,administrative,10,8,2,6,0,0,45,synthetic_booking_summary
ACT-01120,SVC-012,ROOM-0052,2024-10-01,administrative,4,2,1,1,0,0,45,synthetic_booking_summary
ACT-01121,SVC-012,ROOM-0052,2024-11-01,administrative,13,11,2,9,0,0,45,synthetic_booking_summary
ACT-01122,SVC-012,ROOM-0052,2024-12-01,administrative,5,5,1,4,0,0,45,synthetic_booking_summary
ACT-01123,SVC-012,ROOM-0052,2025-03-01,administrative,7,7,2,5,0,0,45,synthetic_booking_summary
ACT-01124,SVC-012,ROOM-0052,2025-09-01,administrative,4,0,0,0,4,0,45,synthetic_booking_summary
ACT-01125,SVC-012,ROOM-0052,2025-10-01,administrative,10,10,2,8,0,0,45,synthetic_booking_summary
ACT-01126,SVC-012,ROOM-0052,2025-12-01,administrative,8,6,1,5,0,0,45,synthetic_booking_summary
ACT-01127,SVC-012,ROOM-0052,2026-02-01,administrative,8,7,2,5,0,0,45,synthetic_booking_summary
